site,duration,depth,speed,vorticity,Fr
MT,125,20.6192,0.652698,-1.59E-04,0.045915925
MT,115,20.6273,0.653804,-1.59E-04,0.045984698
MT,90,20.6723,0.658841,-1.58E-04,0.046288508
MT,70,20.7834,0.6668,-1.55E-04,0.046722304
MT,86,20.787,0.66676,-1.55E-04,0.046715456
MT,124,20.787,0.66676,-1.55E-04,0.046715456
MT,23,20.7901,0.666607,-1.54E-04,0.046701254
MT,30,20.7901,0.666607,-1.54E-04,0.046701254
MT,12,20.793,0.66642,-1.54E-04,0.046684897
MT,182,20.7955,0.666242,-1.54E-04,0.046669622
MT,112,20.7955,0.666242,-1.54E-04,0.046669622
MT,495,20.7977,0.666033,-1.54E-04,0.046652514
MT,536,20.8007,0.665639,-1.54E-04,0.046621554
MT,154,20.8023,0.665359,-1.54E-04,0.046600151
MT,20,20.8023,0.665359,-1.54E-04,0.046600151
MT,196,20.8079,0.663747,-1.53E-04,0.046480994
MT,157,20.8081,0.663614,-1.53E-04,0.046471457
MT,5,20.8083,0.661764,-1.52E-04,0.046341683
MT,80,20.8083,0.661764,-1.52E-04,0.046341683
MT,16,20.7846,0.655054,-1.52E-04,0.045897944
MT,372,20.7794,0.654182,-1.52E-04,0.04584258
MT,376,20.742,0.656267,-1.54E-04,0.046030131
MT,240,20.7456,0.656965,-1.54E-04,0.04607509
MT,58,20.799,0.661676,-1.53E-04,0.046345878
MT,10,20.799,0.661676,-1.53E-04,0.046345878
MT,246,20.8035,0.660627,-1.52E-04,0.046267398
MT,250,20.8035,0.660326,-1.52E-04,0.046246317
MT,259,20.8036,0.660207,-1.52E-04,0.046237872
MT,39,20.8036,0.660207,-1.52E-04,0.046237872
MT,60,20.8078,0.661337,-1.52E-04,0.046312337
MT,56,20.8105,0.66188,-1.52E-04,0.046347356
MT,158,20.8368,0.665682,-1.52E-04,0.04658416
MT,72,20.8817,0.668856,-1.51E-04,0.046755926
MT,321,20.8993,0.669585,-1.50E-04,0.046787173
MT,76,20.9037,0.669749,-1.50E-04,0.046793707
MT,31,20.9148,0.670605,-1.50E-04,0.046841079
MT,5,21.0571,0.685173,-1.47E-04,0.047696655
MT,45,21.1293,0.693483,-1.46E-04,0.048192586
MT,11,21.2083,0.702327,-1.44E-04,0.048716199
MT,7,21.2448,0.706211,-1.44E-04,0.048943511
MT,484,21.3222,0.714424,-1.42E-04,0.04942276
MT,14,21.3548,0.717533,-1.42E-04,0.049599933
MT,262,21.5323,0.730138,-1.37E-04,0.050262803
MT,2,21.7446,0.744803,-1.26E-04,0.051021435
MT,90,21.7796,0.747129,-1.25E-04,0.051139633
MT,302,21.8496,0.751539,-1.25E-04,0.051359021
MT,101,21.8554,0.751923,-1.25E-04,0.051378445
MT,20,21.9315,0.756516,-1.26E-04,0.05160252
MT,139,21.9671,0.758399,-1.27E-04,0.051689026
MT,141,21.9731,0.758813,-1.27E-04,0.051710181
MT,3,21.9963,0.760338,-1.28E-04,0.051786772
MT,454,22.0301,0.761819,-1.28E-04,0.051847823
MT,343,22.0354,0.762067,-1.28E-04,0.051858464
MT,145,22.1323,0.765023,-1.30E-04,0.05194553
MT,239,22.204,0.767454,-1.31E-04,0.052026392
MT,104,22.2234,0.768339,-1.32E-04,0.052063647
MT,578,22.2274,0.768531,-1.32E-04,0.052071971
MT,112,22.2314,0.768754,-1.32E-04,0.052082395
MT,262,22.2314,0.768754,-1.32E-04,0.052082395
MT,197,22.2476,0.769369,-1.33E-04,0.052105079
MT,509,22.2885,0.771959,-1.34E-04,0.052232496
MT,147,22.3009,0.772759,-1.34E-04,0.052272087
MT,48,22.3009,0.772759,-1.34E-04,0.052272087
MT,418,22.3381,0.775443,-1.35E-04,0.052409948
MT,37,22.371,0.777745,-1.36E-04,0.052526866
MT,137,22.3751,0.778053,-1.36E-04,0.052542853
MT,458,22.3846,0.777899,-1.36E-04,0.052521305
MT,163,22.4012,0.78003,-1.37E-04,0.052645666
MT,566,22.4264,0.781743,-1.38E-04,0.052731628
MT,108,22.4305,0.781933,-1.38E-04,0.052739624
MT,543,22.4464,0.782773,-1.38E-04,0.052777577
MT,46,22.4579,0.783309,-1.39E-04,0.052800193
MT,2,22.4579,0.783309,-1.39E-04,0.052800193
MT,544,22.5052,0.785664,-1.40E-04,0.052903253
MT,356,22.598,0.78914,-1.42E-04,0.053028094
MT,238,22.6039,0.78914,-1.42E-04,0.053021173
MT,137,22.6152,0.789564,-1.43E-04,0.053036406
MT,125,22.6152,0.789564,-1.43E-04,0.053036406
MT,222,22.6206,0.789731,-1.43E-04,0.053041291
MT,204,22.6331,0.789838,-1.43E-04,0.053033827
MT,423,22.6402,0.789847,-1.43E-04,0.053026115
MT,373,22.6489,0.789843,-1.43E-04,0.053015661
MT,90,22.6723,0.789757,-1.43E-04,0.052982526
MT,201,22.6844,0.789653,-1.43E-04,0.052961418
MT,163,22.7121,0.788687,-1.44E-04,0.052864362
MT,583,22.7139,0.78854,-1.44E-04,0.052852415
MT,252,22.732,0.785063,-1.43E-04,0.052598414
MT,337,22.7287,0.782932,-1.43E-04,0.052459447
MT,113,22.7278,0.782678,-1.43E-04,0.052443466
MT,157,22.7272,0.782502,-1.43E-04,0.052432366
MT,538,22.7266,0.782327,-1.43E-04,0.052421331
MT,45,22.7263,0.782239,-1.43E-04,0.052415781
MT,36,22.7236,0.781533,-1.42E-04,0.052371585
MT,120,22.7236,0.781533,-1.42E-04,0.052371585
MT,149,22.7213,0.781036,-1.42E-04,0.052340929
MT,376,22.7184,0.780437,-1.42E-04,0.052304125
MT,67,22.7073,0.778452,-1.42E-04,0.052183842
MT,10,22.7113,0.780675,-1.42E-04,0.052328253
MT,90,22.7182,0.781696,-1.42E-04,0.052388733
MT,30,22.7212,0.782085,-1.43E-04,0.052411343
MT,525,22.7244,0.782473,-1.43E-04,0.052433652
MT,276,22.7301,0.783233,-1.43E-04,0.052477999
MT,89,22.7417,0.787676,-1.46E-04,0.052762226
MT,43,22.8727,0.806346,-1.50E-04,0.053857933
MT,32,22.981,0.812507,-1.52E-04,0.054141416
MT,262,23.1168,0.816683,-1.53E-04,0.054259604
MT,107,23.1667,0.817529,-1.54E-04,0.054257283
MT,344,23.2122,0.818367,-1.54E-04,0.054259641
MT,13,23.2733,0.81939,-1.55E-04,0.054256108
MT,349,23.2774,0.819473,-1.55E-04,0.054256825
MT,585,23.3467,0.818638,-1.55E-04,0.054121037
MT,377,23.3482,0.81861,-1.55E-04,0.054117448
MT,250,23.3511,0.818543,-1.55E-04,0.054109658
MT,426,23.3568,0.818332,-1.55E-04,0.054089109
MT,22,23.3582,0.818271,-1.55E-04,0.054083456
MT,540,23.3653,0.818025,-1.55E-04,0.054058981
MT,364,23.3668,0.818018,-1.55E-04,0.054056784
MT,74,23.412,0.81972,-1.56E-04,0.054116941
MT,3,23.4206,0.820003,-1.56E-04,0.054125684
MT,256,23.4489,0.821809,-1.56E-04,0.054212148
MT,551,23.5122,0.826598,-1.57E-04,0.054454613
MT,84,23.5148,0.82679,-1.57E-04,0.054464251
MT,339,23.5252,0.827628,-1.58E-04,0.054507401
MT,192,23.5306,0.828047,-1.58E-04,0.054528738
MT,2,23.5332,0.828243,-1.58E-04,0.054538632
MT,581,23.536,0.828411,-1.58E-04,0.05454645
MT,2,23.5856,0.834145,-1.59E-04,0.054866221
MT,159,23.669,0.843107,-1.61E-04,0.055357912
MT,522,23.6737,0.843656,-1.61E-04,0.05538846
MT,204,23.6837,0.844525,-1.61E-04,0.055433806
MT,2,23.0458,0.767471,-1.43E-04,0.051068493
MT,131,23.0337,0.767369,-1.43E-04,0.051075116
MT,443,23.01,0.767038,-1.43E-04,0.05107937
MT,412,22.9986,0.766854,-1.43E-04,0.051079772
MT,197,22.9964,0.76687,-1.43E-04,0.051083281
MT,481,22.9918,0.766778,-1.42E-04,0.051082262
MT,291,22.9895,0.766744,-1.42E-04,0.051082552
MT,26,22.9847,0.76656,-1.42E-04,0.051075626
MT,28,22.9823,0.766475,-1.43E-04,0.051072629
MT,71,22.9823,0.766475,-1.43E-04,0.051072629
MT,72,22.9798,0.766282,-1.42E-04,0.051062546
MT,241,22.9773,0.766188,-1.42E-04,0.051059059
MT,2,22.9615,0.765137,-1.42E-04,0.05100656
MT,125,22.9588,0.764892,-1.42E-04,0.050993226
MT,526,22.9291,0.762443,-1.41E-04,0.050862867
MT,270,22.8941,0.759484,-1.41E-04,0.050704185
MT,527,22.8773,0.757957,-1.40E-04,0.050620817
MT,449,22.8739,0.757718,-1.40E-04,0.050608616
MT,102,22.8671,0.757206,-1.40E-04,0.050581938
MT,2,22.857,0.756566,-1.41E-04,0.05055035
MT,300,22.7741,0.75148,-1.40E-04,0.050301829
MT,25,22.7711,0.751359,-1.40E-04,0.050297043
MT,7,22.7563,0.750537,-1.39E-04,0.050258352
MT,173,22.7227,0.746928,-1.36E-04,0.050053648
MT,557,22.7199,0.746728,-1.36E-04,0.050043329
MT,585,22.7171,0.746541,-1.35E-04,0.05003388
MT,33,22.7144,0.746336,-1.35E-04,0.050023113
MT,52,22.7144,0.746336,-1.35E-04,0.050023113
MT,240,22.7116,0.746151,-1.35E-04,0.050013796
MT,576,22.7089,0.746004,-1.35E-04,0.050006916
MT,24,22.7062,0.745843,-1.35E-04,0.049999096
MT,2,22.7062,0.745843,-1.35E-04,0.049999096
MT,573,22.7035,0.745665,-1.35E-04,0.049990136
MT,4,22.7008,0.745492,-1.35E-04,0.04998151
MT,66,22.6952,0.745329,-1.35E-04,0.049976746
MT,30,22.6609,0.746008,-1.35E-04,0.050060118
MT,576,22.6596,0.746074,-1.35E-04,0.050065983
MT,278,22.6506,0.74703,-1.35E-04,0.050140095
MT,332,22.6496,0.74721,-1.35E-04,0.050153283
MT,444,22.6487,0.747337,-1.35E-04,0.050162804
MT,129,22.6479,0.747484,-1.35E-04,0.050173557
MT,78,22.6393,0.751284,-1.36E-04,0.050438203
MT,80,22.6392,0.751573,-1.36E-04,0.050457717
MT,59,22.6394,0.751994,-1.36E-04,0.050485758
MT,334,22.6397,0.752318,-1.36E-04,0.050507175
MT,94,22.6399,0.752399,-1.36E-04,0.05051239
MT,94,22.64,0.752478,-1.36E-04,0.050517582
MT,2,22.6422,0.753352,-1.36E-04,0.050573801
MT,537,22.6463,0.754427,-1.36E-04,0.050641383
MT,4,22.6505,0.755516,-1.37E-04,0.050709781
MT,207,22.6526,0.756053,-1.37E-04,0.050743471
MT,46,22.6535,0.756234,-1.37E-04,0.050754611
MT,482,22.6562,0.756769,-1.37E-04,0.050787491
MT,57,22.6642,0.758092,-1.37E-04,0.050867299
MT,167,22.6739,0.759496,-1.37E-04,0.050950604
MT,424,22.7237,0.766063,-1.39E-04,0.051334806
MT,57,22.7263,0.766477,-1.39E-04,0.051359611
MT,35,22.7263,0.766477,-1.39E-04,0.051359611
MT,534,22.7317,0.767322,-1.40E-04,0.051410124
MT,227,22.7638,0.773738,-1.44E-04,0.051803429
MT,78,22.7675,0.774209,-1.44E-04,0.051830751
MT,14,22.7713,0.774663,-1.44E-04,0.051856818
MT,24,22.8125,0.77935,-1.46E-04,0.052123439
MT,281,22.8352,0.781655,-1.46E-04,0.052251608
MT,461,22.8589,0.784113,-1.47E-04,0.05238874
MT,579,22.8885,0.78698,-1.46E-04,0.052546282
MT,544,22.8935,0.787612,-1.47E-04,0.052582737
MT,194,22.8986,0.788166,-1.47E-04,0.052613863
MT,41,22.9233,0.789858,-1.47E-04,0.052698398
MT,253,22.9375,0.790678,-1.47E-04,0.052736776
MT,352,22.9422,0.790938,-1.47E-04,0.052748714
MT,179,22.9956,0.793944,-1.48E-04,0.052887673
MT,565,22.9998,0.794167,-1.48E-04,0.052897698
MT,550,23.004,0.794398,-1.48E-04,0.052908253
MT,62,23.0081,0.794707,-1.48E-04,0.052924117
MT,576,23.0608,0.7974,-1.49E-04,0.053042747
MT,160,23.0693,0.797961,-1.49E-04,0.053070285
MT,103,23.0849,0.798847,-1.50E-04,0.053111256
MT,366,23.1198,0.799227,-1.50E-04,0.0530964
MT,394,23.1246,0.798645,-1.50E-04,0.053052228
MT,253,23.136,0.785096,-1.47E-04,0.052139347
MT,263,23.1192,0.778274,-1.46E-04,0.051705064
MT,316,23.1174,0.77768,-1.45E-04,0.051667613
MT,328,23.0933,0.772143,-1.44E-04,0.051326506
MT,2,23.0928,0.771896,-1.44E-04,0.051310643
MT,162,23.0922,0.771741,-1.44E-04,0.051301006
MT,102,23.0922,0.771741,-1.44E-04,0.051301006
MT,102,23.0892,0.77077,-1.44E-04,0.051239788
MT,278,23.0848,0.76767,-1.43E-04,0.051038567
MT,141,23.0791,0.764042,-1.42E-04,0.050803632
MT,91,23.078,0.76352,-1.42E-04,0.050770132
MT,53,23.0732,0.761571,-1.42E-04,0.050645801
MT,105,23.0716,0.761082,-1.42E-04,0.050615037
MT,199,23.057,0.756313,-1.41E-04,0.050313801
MT,170,23.0519,0.756124,-1.41E-04,0.050306792
MT,301,23.0549,0.757483,-1.41E-04,0.05039393
MT,385,23.0624,0.759516,-1.41E-04,0.050520965
MT,502,23.0644,0.760003,-1.41E-04,0.050551167
MT,566,23.087,0.764304,-1.42E-04,0.050812357
MT,138,23.1,0.76646,-1.43E-04,0.050941352
MT,459,23.1469,0.772628,-1.44E-04,0.051299247
MT,134,23.1744,0.776137,-1.45E-04,0.051501645
MT,50,23.1938,0.778403,-1.46E-04,0.051630402
MT,469,23.2037,0.77958,-1.46E-04,0.051697439
MT,99,23.2087,0.780187,-1.46E-04,0.051732119
MT,84,23.2087,0.780187,-1.46E-04,0.051732119
MT,112,23.2347,0.783025,-1.47E-04,0.051891241
MT,58,23.2845,0.788218,-1.48E-04,0.052179493
MT,316,23.2902,0.7888,-1.49E-04,0.05221163
MT,149,23.2959,0.789329,-1.49E-04,0.052240253
MT,3,23.2959,0.789329,-1.49E-04,0.052240253
MT,562,23.3368,0.793486,-1.50E-04,0.052469337
MT,445,23.3427,0.794151,-1.50E-04,0.052506674
MT,13,23.3487,0.794726,-1.50E-04,0.052537939
MT,339,23.3913,0.798862,-1.51E-04,0.052763251
MT,475,23.4281,0.802731,-1.52E-04,0.052977134
MT,182,23.4655,0.805937,-1.53E-04,0.053146314
MT,18,23.4655,0.805937,-1.53E-04,0.053146314
MT,398,23.4714,0.806227,-1.53E-04,0.053158755
MT,505,23.4772,0.806515,-1.53E-04,0.053171175
MT,560,23.4829,0.806765,-1.53E-04,0.053181202
MT,458,23.4885,0.806966,-1.53E-04,0.05318811
MT,8,23.4945,0.80679,-1.53E-04,0.053169719
MT,83,23.6095,0.811406,-1.54E-04,0.053343534
MT,582,23.6354,0.812378,-1.54E-04,0.053378165
MT,323,23.6472,0.812784,-1.55E-04,0.053391515
MT,409,23.653,0.812966,-1.55E-04,0.053396923
MT,515,23.6557,0.813049,-1.54E-04,0.053399327
MT,565,23.6611,0.813105,-1.55E-04,0.05339691
MT,154,23.6685,0.813115,-1.54E-04,0.053389219
MT,321,23.7056,0.812438,-1.54E-04,0.053303008
MT,331,23.72,0.811573,-1.54E-04,0.053230091
MT,131,23.7223,0.811359,-1.54E-04,0.053213475
MT,149,23.7231,0.811287,-1.54E-04,0.053207856
MT,560,23.7238,0.81121,-1.54E-04,0.053202021
MT,512,23.7245,0.811139,-1.54E-04,0.05319658
MT,540,23.7251,0.811063,-1.54E-04,0.053190923
MT,199,23.7257,0.810902,-1.54E-04,0.053179692
MT,229,23.7262,0.810711,-1.54E-04,0.053166606
MT,316,23.7266,0.810512,-1.54E-04,0.053153107
MT,311,23.727,0.810298,-1.54E-04,0.053138625
MT,555,23.72,0.806091,-1.53E-04,0.052870533
MT,130,23.7017,0.802314,-1.52E-04,0.052643116
MT,24,23.7017,0.802314,-1.52E-04,0.052643116
MT,91,23.6916,0.800597,-1.52E-04,0.052541652
MT,504,23.6898,0.800302,-1.52E-04,0.052524287
MT,518,23.6746,0.798026,-1.51E-04,0.052391723
MT,140,23.6296,0.793557,-1.51E-04,0.05214791
MT,6,23.6152,0.792359,-1.50E-04,0.052085057
MT,63,23.5155,0.782465,-1.48E-04,0.051543603
MT,363,23.4986,0.78068,-1.48E-04,0.051444508
MT,269,23.4292,0.77363,-1.46E-04,0.051055383
MT,582,23.4254,0.773267,-1.46E-04,0.051035565
MT,2,23.406,0.771422,-1.46E-04,0.050934891
MT,343,23.4022,0.77106,-1.46E-04,0.050915122
MT,98,23.2633,0.761214,-1.43E-04,0.050414802
MT,469,23.2599,0.761001,-1.43E-04,0.050404379
MT,435,23.0852,0.746369,-1.39E-04,0.049621939
MT,583,23.0808,0.746043,-1.39E-04,0.049604993
MT,576,23.0764,0.745698,-1.39E-04,0.04958678
MT,534,23.072,0.745356,-1.39E-04,0.049568764
MT,576,23.0676,0.744989,-1.38E-04,0.049549082
MT,24,23.0587,0.744288,-1.38E-04,0.049512011
MT,372,23.0544,0.743806,-1.38E-04,0.049484562
MT,547,23.05,0.74346,-1.38E-04,0.049466263
MT,580,23.0456,0.743032,-1.38E-04,0.049442505
MT,566,23.0413,0.742663,-1.38E-04,0.049422563
MT,576,23.0369,0.742391,-1.38E-04,0.049409179
MT,554,23.0326,0.742124,-1.38E-04,0.04939602
MT,281,23.0284,0.74198,-1.38E-04,0.049390939
MT,93,23.0284,0.74198,-1.38E-04,0.049390939
MT,566,23.0113,0.740623,-1.37E-04,0.049318923
MT,84,23.0071,0.740423,-1.37E-04,0.049310105
MT,217,22.896,0.734194,-1.36E-04,0.049013756
MT,527,22.8921,0.734047,-1.36E-04,0.049008117
MT,79,22.8883,0.733848,-1.36E-04,0.048998898
MT,320,22.8845,0.733608,-1.36E-04,0.048986939
MT,553,22.8808,0.733351,-1.35E-04,0.048973737
MT,579,22.8771,0.733155,-1.35E-04,0.048964608
MT,526,22.8734,0.732953,-1.35E-04,0.048955076
MT,422,22.8659,0.732512,-1.35E-04,0.048933644
MT,181,22.8584,0.732152,-1.36E-04,0.048917618
MT,77,22.8547,0.731981,-1.36E-04,0.048910151
MT,397,22.7356,0.727002,-1.34E-04,0.04870453
MT,321,22.7325,0.726862,-1.34E-04,0.048698471
MT,580,22.7294,0.726696,-1.34E-04,0.048690669
MT,585,22.7267,0.726537,-1.41E-04,0.048682908
MT,479,22.7237,0.724771,-1.32E-04,0.048567779
MT,125,22.7206,0.724574,-1.31E-04,0.04855789
MT,134,22.7206,0.724574,-1.31E-04,0.04855789
MT,124,22.7175,0.724403,-1.31E-04,0.048549743
MT,559,22.702,0.723609,-1.31E-04,0.048513082
MT,230,22.699,0.723412,-1.31E-04,0.048503079
MT,63,22.699,0.723412,-1.31E-04,0.048503079
MT,153,22.6929,0.723118,-1.31E-04,0.048489883
MT,118,22.6929,0.723118,-1.31E-04,0.048489883
MT,378,22.6899,0.722953,-1.31E-04,0.048482023
MT,220,22.6868,0.722767,-1.30E-04,0.048472861
MT,489,22.5832,0.715905,-1.28E-04,0.048122659
MT,2,22.5799,0.71576,-1.28E-04,0.048116428
MT,8,22.5799,0.71576,-1.28E-04,0.048116428
MT,2,22.5731,0.7153,-1.28E-04,0.048092747
MT,455,22.5698,0.715148,-1.27E-04,0.048086042
MT,384,22.5462,0.713747,-1.27E-04,0.048016951
MT,467,22.5394,0.713349,-1.27E-04,0.047997414
MT,196,22.4704,0.711901,-1.25E-04,0.047973473
MT,121,22.447,0.711872,-1.25E-04,0.047996517
MT,560,22.445,0.711881,-1.25E-04,0.047999262
MT,10,22.4412,0.711912,-1.25E-04,0.048005416
MT,564,22.4356,0.711897,-1.25E-04,0.048010395
MT,574,22.4338,0.711912,-1.25E-04,0.048013333
MT,528,22.432,0.711912,-1.25E-04,0.048015259
MT,468,22.4303,0.711924,-1.25E-04,0.048017888
MT,574,22.4285,0.71194,-1.25E-04,0.048020894
MT,559,22.4268,0.711954,-1.25E-04,0.048023658
MT,317,22.4234,0.711982,-1.25E-04,0.048029188
MT,584,22.4217,0.712001,-1.25E-04,0.04803229
MT,579,22.42,0.712019,-1.25E-04,0.048035326
MT,578,22.4184,0.712039,-1.25E-04,0.048038389
MT,439,22.4168,0.712058,-1.25E-04,0.048041385
MT,506,22.4151,0.712074,-1.25E-04,0.048044287
MT,36,22.4135,0.712108,-1.25E-04,0.048048296
MT,260,22.4135,0.712108,-1.25E-04,0.048048296
MT,374,22.4119,0.71213,-1.25E-04,0.048051495
MT,110,22.4104,0.712142,-1.25E-04,0.048053913
MT,539,22.4074,0.71213,-1.25E-04,0.04805632
MT,566,22.3945,0.711658,-1.24E-04,0.048038298
MT,461,22.3931,0.711665,-1.24E-04,0.048040272
MT,399,22.3813,0.711842,-1.24E-04,0.048064886
MT,36,22.3775,0.711948,-1.24E-04,0.048076125
MT,92,22.3775,0.711948,-1.24E-04,0.048076125
MT,15,22.3775,0.711948,-1.24E-04,0.048076125
MT,354,22.3763,0.711976,-1.24E-04,0.048079305
MT,6,22.3763,0.711976,-1.24E-04,0.048079305
MT,499,22.3751,0.711997,-1.24E-04,0.048082012
MT,541,22.3739,0.712039,-1.24E-04,0.048086138
MT,106,22.3726,0.712052,-1.24E-04,0.048088413
MT,439,22.3714,0.712056,-1.24E-04,0.048089973
MT,366,22.3691,0.712093,-1.24E-04,0.048094944
MT,269,22.3679,0.71212,-1.24E-04,0.048098058
MT,487,22.3656,0.712149,-1.24E-04,0.04810249
MT,537,22.3645,0.712165,-1.24E-04,0.048104753
MT,581,22.3634,0.712186,-1.24E-04,0.048107355
MT,124,22.3576,0.712027,-1.24E-04,0.048102853
MT,530,22.3563,0.711943,-1.24E-04,0.048098576
MT,557,22.3549,0.711805,-1.24E-04,0.048090759
MT,149,22.3534,0.711651,-1.24E-04,0.048081968
MT,582,22.3519,0.711487,-1.23E-04,0.0480725
MT,81,22.3078,0.706841,-1.22E-04,0.047805771
MT,548,22.3052,0.706587,-1.22E-04,0.047791377
MT,241,22.277,0.703949,-1.21E-04,0.047643077
MT,115,22.0314,0.711171,-1.19E-04,0.048399397
MT,40,22.0315,0.711173,-1.19E-04,0.048399424
MT,57,22.0278,0.712038,-1.19E-04,0.048462361
MT,4,22.0276,0.712063,-1.19E-04,0.048464283
MT,94,21.9705,0.705501,-1.18E-04,0.048080018
MT,88,21.9692,0.705204,-1.17E-04,0.0480612
MT,48,21.9678,0.704984,-1.17E-04,0.048047737
MT,45,21.8932,0.697895,-1.16E-04,0.047645559
MT,21,21.7276,0.688624,-1.16E-04,0.047191441
MT,112,21.7243,0.688482,-1.16E-04,0.047185293
MT,7,21.7233,0.688427,-1.16E-04,0.04718261
MT,18,21.7179,0.688101,-1.16E-04,0.047166129
MT,96,21.6869,0.686229,-1.17E-04,0.047071419
MT,89,21.6644,0.680541,-1.17E-04,0.046705489
MT,92,21.6632,0.679326,-1.17E-04,0.046623395
MT,28,21.6664,0.677095,-1.16E-04,0.046466846
MT,90,21.6668,0.677034,-1.16E-04,0.04646223
MT,26,21.6672,0.676976,-1.16E-04,0.046457821
MT,95,21.6724,0.676378,-1.16E-04,0.046411214
MT,88,21.673,0.676331,-1.15E-04,0.046407347
MT,85,21.6778,0.675956,-1.15E-04,0.04637648
MT,102,21.6784,0.675931,-1.15E-04,0.046374123
MT,68,21.6796,0.675857,-1.15E-04,0.046367763
MT,90,21.6836,0.675632,-1.15E-04,0.046348051
MT,16,21.7791,0.685592,-1.14E-04,0.046928075
MT,88,21.781,0.685623,-1.14E-04,0.04692815
MT,71,21.7829,0.68563,-1.14E-04,0.046926582
MT,13,21.8195,0.683938,-1.13E-04,0.0467715
MT,19,21.8462,0.686826,-1.14E-04,0.046940287
MT,86,21.8892,0.692183,-1.15E-04,0.047259916
MT,77,21.8918,0.692428,-1.15E-04,0.047273836
MT,80,21.8999,0.693363,-1.15E-04,0.047328916
MT,88,22.0613,0.710107,-1.19E-04,0.048294226
MT,100,22.0987,0.713711,-1.20E-04,0.048498241
MT,2,22.1114,0.714858,-1.21E-04,0.04856223
MT,87,22.1156,0.715255,-1.21E-04,0.048584585
MT,108,22.1199,0.715657,-1.21E-04,0.048607167
MT,4,22.2896,0.729711,-1.26E-04,0.049372682
MT,35,22.5076,0.746663,-1.33E-04,0.050274412
MT,78,22.61,0.757399,-1.34E-04,0.050881676
MT,42,23.3474,0.850178,-1.62E-04,0.056205338
MT,2,25.1301,0.993256,-1.75E-04,0.063292325
MT,91,25.3119,1.00895,-1.78E-04,0.064061077
MT,94,25.8234,1.00226,-1.62E-04,0.063002916
MT,41,26.0795,0.990007,-1.47E-04,0.061926366
MT,25,26.0841,0.98973,-1.46E-04,0.06190358
MT,60,26.0934,0.989295,-1.46E-04,0.061865345
MT,86,26.1153,0.987898,-1.45E-04,0.061752075
MT,24,26.2458,0.978257,-1.39E-04,0.060997217
MT,25,26.4347,0.99828,-1.42E-04,0.06202291
MT,53,26.4514,0.999624,-1.43E-04,0.062086804
MT,87,26.5754,1.00827,-1.46E-04,0.062477537
MT,15,27.0911,1.03791,-1.61E-04,0.063699106
MT,8,27.2742,1.02911,-1.61E-04,0.062946669
MT,94,27.2774,1.02881,-1.61E-04,0.062924627
MT,100,27.2806,1.0285,-1.61E-04,0.062901978
MT,76,27.2953,1.02716,-1.61E-04,0.062803106
MT,93,27.3133,1.02517,-1.61E-04,0.062660775
MT,108,27.294,1.00251,-1.56E-04,0.061297404
MT,9,27.1409,0.980828,-1.51E-04,0.060140591
MT,2,27.115,0.979,-1.51E-04,0.060057168
MT,37,27.1113,0.978729,-1.51E-04,0.06004464
MT,112,27.0744,0.975949,-1.50E-04,0.059914876
MT,31,28.4394,1.08559,-1.81E-04,0.06502683
MT,3,28.4421,1.08544,-1.81E-04,0.065014759
MT,189,28.4421,1.08544,-1.81E-04,0.065014759
MT,729,28.4548,1.08511,-1.81E-04,0.064980487
MT,214,28.4573,1.08503,-1.81E-04,0.064972842
MT,268,28.4597,1.08495,-1.82E-04,0.064965312
MT,50,28.4622,1.08462,-1.82E-04,0.0649427
MT,2,28.4959,1.07816,-1.81E-04,0.064517717
MT,786,28.4967,1.07797,-1.81E-04,0.064505441
MT,136,28.4982,1.07752,-1.81E-04,0.064476817
MT,138,28.4989,1.07729,-1.81E-04,0.064462262
MT,150,28.507,1.07327,-1.81E-04,0.064212591
MT,108,28.507,1.07327,-1.81E-04,0.064212591
MT,267,28.5072,1.07286,-1.80E-04,0.064187836
MT,60,28.5075,1.07163,-1.80E-04,0.064113909
MT,77,28.5058,1.06918,-1.80E-04,0.063969237
MT,294,28.504,1.06884,-1.80E-04,0.063950914
MT,774,28.5036,1.06876,-1.80E-04,0.063946576
MT,115,28.5036,1.06876,-1.80E-04,0.063946576
MT,1696,28.7189,1.09876,-1.89E-04,0.065494662
MT,160,28.7214,1.09887,-1.89E-04,0.065498368
MT,116,28.7214,1.09887,-1.89E-04,0.065498368
MT,590,28.724,1.09902,-1.89E-04,0.065504344
MT,1773,28.7288,1.09917,-1.89E-04,0.065507811
MT,1769,28.7319,1.09719,-1.89E-04,0.06538628
MT,719,28.7333,1.09758,-1.89E-04,0.065407928
MT,369,28.7651,1.09443,-1.89E-04,0.06518415
MT,430,28.7863,1.09253,-1.89E-04,0.065047021
MT,538,30.365,1.21554,-2.45E-04,0.07046437
MT,18,30.9882,1.21011,-2.55E-04,0.069440628
MT,185,31.1475,1.21264,-2.58E-04,0.069407636
MT,136,31.3304,1.21708,-2.63E-04,0.069458135
MT,25,31.4399,1.22603,-2.67E-04,0.069846956
MT,142,31.4481,1.2267,-2.68E-04,0.069876014
MT,102,31.4562,1.22737,-2.68E-04,0.069905177
MT,269,31.4894,1.22995,-2.69E-04,0.070015183
MT,361,31.4978,1.23063,-2.69E-04,0.07004455
MT,183,31.5145,1.23207,-2.70E-04,0.070107928
MT,486,31.5229,1.23274,-2.70E-04,0.070136706
MT,58,31.6512,1.24243,-2.75E-04,0.070544604
MT,130,31.8654,1.26524,-2.85E-04,0.071597884
MT,30,32.0053,1.28091,-2.92E-04,0.07232603
MT,192,32.2297,1.30425,-3.03E-04,0.073387092
MT,255,32.8924,1.36204,-3.33E-04,0.075862831
MT,241,33.7357,1.4021,-3.61E-04,0.077111844
MT,24,34.1434,1.3474,-3.55E-04,0.07365973
MT,400,34.18,1.3399,-3.54E-04,0.073210491
MT,16,34.2043,1.33485,-3.54E-04,0.072908653
MT,54,34.2165,1.33231,-3.53E-04,0.072756945
MT,45,34.2247,1.3306,-3.53E-04,0.072654858
MT,552,34.2291,1.33002,-3.53E-04,0.07261852
MT,79,34.234,1.33028,-3.53E-04,0.072627518
MT,35,34.234,1.33028,-3.53E-04,0.072627518
MT,450,34.2394,1.33034,-3.52E-04,0.072625066
MT,50,34.3883,1.34755,-3.61E-04,0.073405144
MT,111,34.3883,1.34755,-3.61E-04,0.073405144
MT,540,34.4249,1.3519,-3.63E-04,0.073602944
MT,110,34.4554,1.35554,-3.64E-04,0.073768449
MT,13,34.5168,1.3629,-3.67E-04,0.074102983
MT,39,34.9257,1.40996,-3.90E-04,0.07621162
MT,516,34.9359,1.41101,-3.91E-04,0.076257241
MT,203,35.5767,1.44561,-4.15E-04,0.077420376
MT,226,35.6068,1.44783,-4.17E-04,0.077506488
MT,161,35.6693,1.43977,-4.15E-04,0.077007458
MT,553,35.6689,1.43953,-4.15E-04,0.076995053
MT,513,35.6678,1.43907,-4.15E-04,0.076971637
MT,172,35.6617,1.43597,-4.14E-04,0.076812395
MT,3,35.0164,1.34923,-3.75E-04,0.07283451
MT,160,34.9243,1.34182,-3.70E-04,0.072529948
MT,17,34.7222,1.32904,-3.63E-04,0.072047912
MT,372,34.5731,1.31869,-3.57E-04,0.071640814
MT,22,34.2446,1.29711,-3.43E-04,0.070805619
MT,80,33.6936,1.29217,-3.30E-04,0.071110365
MT,4,33.6966,1.29068,-3.30E-04,0.071025206
MT,76,33.6982,1.28892,-3.30E-04,0.07092667
MT,237,33.8085,1.28982,-3.33E-04,0.070860321
MT,19,33.8776,1.36648,-3.54E-04,0.074995279
MT,2,34.615,1.43082,-3.89E-04,0.07768547
MT,2,34.5987,1.42263,-3.87E-04,0.077258991
MT,155,34.5987,1.42263,-3.87E-04,0.077258991
MT,94,34.5826,1.418,-3.85E-04,0.077025473
MT,94,31.7444,1.19966,-2.67E-04,0.068016077
MT,14,31.5004,1.18203,-2.58E-04,0.067275576
MT,226,31.358,1.17711,-2.54E-04,0.067147498
MT,140,31.2995,1.17513,-2.52E-04,0.067097166
MT,155,31.0969,1.16495,-2.47E-04,0.066732239
MT,254,30.8773,1.15699,-2.41E-04,0.066511525
MT,12,30.3914,1.13573,-2.27E-04,0.065809214
MT,559,30.3865,1.13568,-2.27E-04,0.065811623
MT,85,30.3286,1.13718,-2.27E-04,0.06596142
MT,66,30.3272,1.13721,-2.26E-04,0.065964682
MT,7,25.5571,0.86031,-1.51E-04,0.054360839
MT,157,25.4242,0.856768,-1.43E-04,0.054278339
MT,160,25.1011,0.853085,-1.48E-04,0.054391732
MT,334,24.84,0.858375,-1.52E-04,0.055015901
MT,124,24.817,0.857818,-1.53E-04,0.055005672
MT,212,24.8045,0.855607,-1.52E-04,0.054877719
MT,132,24.6741,0.835867,-1.37E-04,0.053753096
MT,40,24.6741,0.835867,-1.37E-04,0.053753096
MT,461,24.483,0.813876,-1.34E-04,0.052542761
MT,123,24.4608,0.81129,-1.34E-04,0.052399574
MT,186,24.3933,0.804197,-1.32E-04,0.052013267
MT,253,24.3711,0.802573,-1.32E-04,0.051931868
MT,388,24.3059,0.797887,-1.32E-04,0.051697852
MT,237,24.1579,0.787427,-1.30E-04,0.051176158
MT,295,24.1475,0.786657,-1.30E-04,0.051137122
MT,2,24.0851,0.782226,-1.29E-04,0.05091491
MT,341,24.0337,0.778347,-1.28E-04,0.050716573
MT,119,23.9825,0.77462,-1.27E-04,0.050527573
MT,438,23.9313,0.770948,-1.26E-04,0.050341819
MT,194,23.9212,0.770176,-1.26E-04,0.050302024
MT,39,23.9212,0.770176,-1.26E-04,0.050302024
MT,8,23.9015,0.769364,-1.26E-04,0.050269694
MT,567,23.8922,0.769113,-1.26E-04,0.050263074
MT,496,23.8832,0.768885,-1.25E-04,0.05025764
MT,88,23.7191,0.775356,-1.46E-04,0.050855627
MT,466,23.6408,0.77786,-1.47E-04,0.051104285
MT,205,23.62,0.77888,-1.48E-04,0.051193824
MT,54,23.62,0.77888,-1.48E-04,0.051193824
MT,46,23.475,0.774189,-1.46E-04,0.051042408
MT,307,23.4666,0.773792,-1.46E-04,0.051025364
MT,145,23.453,0.773638,-1.46E-04,0.051029998
MT,474,23.3892,0.771355,-1.46E-04,0.050948755
MT,573,23.3457,0.769867,-1.45E-04,0.050897824
MT,589,23.3078,0.768851,-1.45E-04,0.050871964
MT,128,23.2331,0.766249,-1.44E-04,0.05078124
MT,3,23.1685,0.761892,-1.42E-04,0.050562835
MT,396,22.7275,0.750703,-1.41E-04,0.050301308
MT,138,22.6342,0.764053,-1.38E-04,0.051301241
MT,106,22.6373,0.765019,-1.38E-04,0.051362585
MT,303,22.6641,0.770776,-1.40E-04,0.051718498
MT,92,22.7138,0.776404,-1.41E-04,0.052039106
MT,1,20.6458,0.645802,-1.56E-04,0.04540153
MT,355,20.2319,0.623575,-1.68E-04,0.044285069
MT,329,20.2314,0.623633,-1.68E-04,0.044289735
MT,62,20.2312,0.623663,-1.68E-04,0.044292085
MT,556,20.2148,0.62359,-1.69E-04,0.044304861
MT,424,20.2113,0.623542,-1.69E-04,0.044305287
MT,264,20.211,0.623536,-1.69E-04,0.044305189
MT,548,20.2056,0.623472,-1.67E-04,0.044306561
MT,7,20.2018,0.623386,-1.67E-04,0.044304616
MT,518,20.2012,0.623375,-1.68E-04,0.044304492
MT,2,20.201,0.623369,-1.67E-04,0.044304285
MT,32,20.194,0.623251,-1.68E-04,0.044303575
MT,113,20.1925,0.623245,-1.68E-04,0.044304794
MT,458,20.1879,0.62323,-1.68E-04,0.044308775
MT,298,20.1844,0.623209,-1.68E-04,0.044311123
MT,285,20.1815,0.623148,-1.68E-04,0.044309969
MT,168,20.181,0.623118,-1.68E-04,0.044308385
MT,25,20.1775,0.62283,-1.68E-04,0.044291747
MT,166,20.1647,0.621421,-1.68E-04,0.044205571
MT,67,20.1647,0.621421,-1.68E-04,0.044205571
MT,349,20.1639,0.621327,-1.68E-04,0.044199761
MT,142,20.1582,0.620713,-1.68E-04,0.044162325
MT,134,20.1556,0.620442,-1.68E-04,0.044145891
MT,397,20.1397,0.619057,-1.67E-04,0.044064729
MT,275,20.139,0.618968,-1.69E-04,0.04405916
MT,67,20.1383,0.618955,-1.66E-04,0.044059
MT,321,20.1332,0.618804,-1.67E-04,0.04405383
MT,522,20.1326,0.618791,-1.67E-04,0.044053561
MT,134,20.132,0.618778,-1.66E-04,0.044053292
MT,9,20.1265,0.618677,-1.67E-04,0.044052119
MT,239,20.1265,0.618677,-1.67E-04,0.044052119
MT,104,20.126,0.618669,-1.67E-04,0.044052097
MT,140,20.118,0.618679,-1.68E-04,0.044061567
MT,165,20.1178,0.618699,-1.68E-04,0.04406321
MT,148,20.1178,0.618699,-1.68E-04,0.04406321
MT,415,20.1152,0.619075,-1.68E-04,0.044092838
MT,242,20.114,0.619399,-1.68E-04,0.04411723
MT,403,20.0956,0.617981,-1.69E-04,0.044036379
MT,199,20.0728,0.61764,-1.71E-04,0.044037068
MT,16,20.0747,0.619816,-1.71E-04,0.044190123
MT,54,20.0752,0.620027,-1.72E-04,0.044204616
MT,461,20.0814,0.621605,-1.71E-04,0.044310277
MT,26,20.089,0.623083,-1.71E-04,0.044407232
MT,2,20.089,0.623083,-1.71E-04,0.044407232
MT,469,20.1187,0.619071,-1.68E-04,0.044088717
MT,585,20.1183,0.619027,-1.68E-04,0.044086022
MT,38,20.1168,0.618877,-1.68E-04,0.044076983
MT,174,20.116,0.618834,-1.68E-04,0.044074796
MT,17,20.1147,0.618698,-1.68E-04,0.044066534
MT,36,20.1079,0.618132,-1.68E-04,0.044033665
YZ,88,17.3058,0.633369,1.97E-04,0.048634889
YZ,134,17.3081,0.63352,1.97E-04,0.048643251
YZ,357,17.3105,0.633667,1.97E-04,0.048651165
YZ,392,17.3128,0.633816,1.97E-04,0.048659373
YZ,100,17.3151,0.633969,1.97E-04,0.048667886
YZ,178,17.3174,0.634126,1.97E-04,0.048676706
YZ,501,17.3197,0.634279,1.97E-04,0.048685217
YZ,177,17.322,0.634436,1.97E-04,0.048694035
YZ,14,17.3244,0.634593,1.97E-04,0.048702711
YZ,500,17.329,0.634895,1.97E-04,0.048719421
YZ,20,17.336,0.635361,1.97E-04,0.048745336
YZ,98,17.3383,0.635531,1.97E-04,0.048755144
YZ,8,17.3406,0.635689,1.97E-04,0.048764031
YZ,522,17.3429,0.635837,1.97E-04,0.04877215
YZ,20,17.3451,0.635919,1.97E-04,0.048775346
YZ,356,17.3472,0.635946,1.97E-04,0.048774464
YZ,540,17.3493,0.635942,1.97E-04,0.048771206
YZ,571,17.3512,0.635916,1.97E-04,0.048766541
YZ,524,17.3531,0.635868,1.97E-04,0.048760191
YZ,584,17.3548,0.635785,1.97E-04,0.048751438
YZ,571,17.3567,0.635775,1.97E-04,0.048748003
YZ,546,17.3583,0.635667,1.97E-04,0.048737476
YZ,266,17.3598,0.635555,1.97E-04,0.048726783
YZ,79,17.3598,0.635555,1.97E-04,0.048726783
YZ,432,17.3612,0.635441,1.97E-04,0.048716079
YZ,112,17.3639,0.6352,1.97E-04,0.048693816
YZ,124,17.3651,0.635075,1.97E-04,0.048682552
YZ,246,17.3651,0.635075,1.97E-04,0.048682552
YZ,506,17.3662,0.634944,1.97E-04,0.048670968
YZ,167,17.3672,0.63485,1.97E-04,0.048662362
YZ,107,17.3672,0.63485,1.97E-04,0.048662362
YZ,136,17.3709,0.634256,1.97E-04,0.048611653
YZ,131,17.3741,0.63348,1.97E-04,0.048547706
YZ,467,17.3746,0.633319,1.97E-04,0.048534669
YZ,573,17.3751,0.633146,1.97E-04,0.048520713
YZ,576,17.3755,0.632993,1.96E-04,0.048508429
YZ,262,17.3758,0.632838,1.96E-04,0.048496133
YZ,14,17.3766,0.63237,1.96E-04,0.048459153
YZ,571,17.377,0.631727,1.96E-04,0.048409322
YZ,318,17.377,0.631561,1.96E-04,0.048396601
YZ,226,17.3655,0.626624,1.95E-04,0.048034176
YZ,2,17.3639,0.626319,1.95E-04,0.048013008
YZ,26,17.3613,0.625841,1.95E-04,0.047979957
YZ,174,17.3527,0.624308,1.94E-04,0.047874289
YZ,257,17.3506,0.623971,1.94E-04,0.047851342
YZ,116,17.3485,0.623634,1.94E-04,0.047828392
YZ,3,17.3366,0.621951,1.94E-04,0.047715686
YZ,7,17.3366,0.621951,1.94E-04,0.047715686
YZ,59,17.3353,0.621774,1.94E-04,0.047703895
YZ,52,17.3703,0.629548,1.96E-04,0.048251648
YZ,264,17.4688,0.637925,1.97E-04,0.048755661
YZ,22,17.4864,0.639081,1.97E-04,0.048819425
YZ,62,17.4864,0.639081,1.97E-04,0.048819425
YZ,251,17.4883,0.639346,1.97E-04,0.048837016
YZ,40,17.4883,0.639346,1.97E-04,0.048837016
YZ,5,17.4971,0.64049,1.97E-04,0.048912097
YZ,6,17.4971,0.64049,1.97E-04,0.048912097
YZ,6,17.5222,0.643316,1.98E-04,0.049092709
YZ,137,17.5494,0.645999,1.99E-04,0.049259236
YZ,17,17.5837,0.649198,1.99E-04,0.049454863
YZ,32,17.6001,0.650609,1.99E-04,0.049539254
YZ,36,17.7578,0.666571,2.02E-04,0.050528778
YZ,264,17.9984,0.685897,2.15E-04,0.051645075
YZ,59,18.1823,0.69557,2.20E-04,0.052107879
YZ,248,18.2402,0.696234,2.21E-04,0.052074774
YZ,34,18.4137,0.70257,2.22E-04,0.052300523
YZ,133,18.4375,0.703569,2.22E-04,0.052341075
YZ,65,18.5445,0.708195,2.24E-04,0.052533006
YZ,43,18.7742,0.7138,2.26E-04,0.05262387
YZ,212,18.8341,0.715305,2.27E-04,0.052650899
YZ,25,18.8462,0.715707,2.27E-04,0.052663574
YZ,67,18.8586,0.716225,2.27E-04,0.052684361
YZ,138,18.9085,0.718808,2.28E-04,0.052804547
YZ,3,18.9504,0.721153,2.29E-04,0.052918215
YZ,91,19.0063,0.723776,2.30E-04,0.05303253
YZ,2,19.1956,0.728792,2.31E-04,0.053136105
YZ,113,19.2047,0.729198,2.31E-04,0.053153108
YZ,15,19.2105,0.729124,2.31E-04,0.053139691
YZ,15,19.2646,0.72842,2.31E-04,0.053013787
YZ,14,19.2826,0.728022,2.31E-04,0.052960085
YZ,237,19.3319,0.723615,2.30E-04,0.052572333
YZ,319,19.3321,0.723529,2.30E-04,0.052565813
YZ,207,19.3318,0.72165,2.30E-04,0.052429707
YZ,135,19.3314,0.721501,2.30E-04,0.052419424
YZ,2,19.3277,0.720468,2.30E-04,0.052349383
YZ,59,19.32,0.718927,2.29E-04,0.052247823
YZ,127,19.3005,0.716518,2.28E-04,0.052099048
YZ,459,19.3003,0.716591,2.28E-04,0.052104626
YZ,14,19.3001,0.716837,2.28E-04,0.052122783
YZ,122,19.3756,0.728653,2.32E-04,0.052878623
YZ,142,19.5825,0.743775,2.39E-04,0.053690132
YZ,18,19.7117,0.745564,2.40E-04,0.053642604
YZ,110,19.7926,0.745681,2.41E-04,0.053541263
YZ,92,19.7971,0.745695,2.41E-04,0.053536183
YZ,5,19.7994,0.745699,2.41E-04,0.053533361
YZ,145,19.8017,0.745691,2.41E-04,0.053529677
YZ,28,19.8017,0.745691,2.41E-04,0.053529677
YZ,70,19.8896,0.745841,2.42E-04,0.053422006
YZ,3,20.3271,0.771562,2.77E-04,0.05466635
YZ,252,20.6636,0.750959,2.71E-04,0.052771592
YZ,6,18.6251,0.651754,2.09E-04,0.048241562
YZ,184,18.6109,0.653216,2.10E-04,0.048368218
YZ,81,18.6087,0.653394,2.10E-04,0.048384258
YZ,167,18.6076,0.653527,2.10E-04,0.048395537
YZ,162,25.1436,0.914929,3.87E-04,0.058285513
YZ,14,25.1378,0.914425,3.87E-04,0.058260126
YZ,92,25.1378,0.914416,3.87E-04,0.058259553
YZ,8,25.161,0.920752,3.89E-04,0.058636182
YZ,57,25.4201,0.935114,3.99E-04,0.059246527
YZ,38,25.7322,0.966072,4.16E-04,0.060835628
YZ,5,25.7433,0.966837,4.16E-04,0.060870675
YZ,112,25.8798,0.975157,4.22E-04,0.061232367
YZ,11,26.0259,0.97529,4.24E-04,0.061068585
YZ,106,26.1646,0.966378,4.20E-04,0.060349954
YZ,339,26.1871,0.96441,4.19E-04,0.060201174
YZ,4,26.2003,0.96297,4.18E-04,0.060096141
YZ,11,26.3541,0.963226,4.21E-04,0.059936457
YZ,9,26.5021,0.968407,4.22E-04,0.060090351
YZ,164,26.5795,0.963557,4.20E-04,0.059702287
YZ,69,26.4523,0.94839,4.15E-04,0.05890365
YZ,44,26.3988,0.954963,4.17E-04,0.059371964
YZ,70,26.4007,0.955657,4.18E-04,0.059412973
YZ,287,26.4317,0.962702,4.20E-04,0.059815851
YZ,339,26.4328,0.962787,4.20E-04,0.059819888
YZ,47,26.4328,0.962787,4.20E-04,0.059819888
YZ,528,26.4339,0.962869,4.20E-04,0.059823738
YZ,556,26.4615,0.962631,4.20E-04,0.059777752
YZ,11,26.1165,0.940826,4.11E-04,0.058808322
YZ,172,26.1136,0.940855,4.11E-04,0.0588134
YZ,344,26.1108,0.940843,4.11E-04,0.058815803
YZ,12,26.0805,0.940942,4.11E-04,0.058856151
YZ,5,26.0497,0.94085,4.11E-04,0.058885177
YZ,3,26.0105,0.940757,4.10E-04,0.058923708
YZ,76,25.9146,0.937805,4.07E-04,0.058847396
YZ,70,25.9021,0.937601,4.07E-04,0.05884879
YZ,217,25.5702,0.890336,3.84E-04,0.056243694
YZ,162,25.5702,0.890336,3.84E-04,0.056243694
YZ,50,25.5131,0.884349,3.81E-04,0.055927967
YZ,125,25.3842,0.881666,3.78E-04,0.055899679
YZ,63,25.3442,0.882511,3.78E-04,0.055997391
YZ,203,25.3145,0.883206,3.77E-04,0.056074356
YZ,256,27.716,1.03797,4.51E-04,0.062980556
YZ,77,28.3467,1.06354,4.64E-04,0.063810116
YZ,150,28.8424,1.10704,4.86E-04,0.065846785
YZ,1,30.4626,1.14054,5.18E-04,0.066010648
YZ,1,31.304,1.21029,5.57E-04,0.069099752
YZ,1,29.602,1.0802,4.83E-04,0.063420638
YZ,112,28.9667,1.04499,4.62E-04,0.062022545
YZ,1,28.5799,1.03131,4.53E-04,0.061623426
YZ,8,28.4558,1.02335,4.49E-04,0.061280988
YZ,71,28.4436,1.0226,4.49E-04,0.061249207
YZ,1,28.3203,1.01573,4.45E-04,0.060970017
YZ,1,27.9253,1.00118,4.37E-04,0.060520179
YZ,1,27.4401,0.986687,4.31E-04,0.060169101
YZ,1,27.4141,0.986671,4.31E-04,0.060196651
YZ,1,27.2964,0.979227,4.24E-04,0.059871158
YZ,1,27.1869,0.970994,4.21E-04,0.059487219
YZ,158,27.0587,0.967297,4.19E-04,0.059400943
YZ,134,27.0428,0.966928,4.19E-04,0.059395736
YZ,11,26.7393,0.940783,4.11E-04,0.058116762
YZ,117,26.5371,0.920613,4.04E-04,0.057087015
YZ,1,26.5079,0.918951,4.03E-04,0.057015332
YZ,22,22.1646,0.749669,2.88E-04,0.05086588
YZ,11,21.97,0.748102,2.85E-04,0.050983864
YZ,3,21.6871,0.748826,2.80E-04,0.051364982
YZ,289,20.686,0.707495,2.58E-04,0.049690352
YZ,455,20.6755,0.70702,2.58E-04,0.049669599
YZ,393,20.6649,0.706596,2.58E-04,0.049652541
YZ,5,20.0991,0.702394,2.31E-04,0.050047161
YZ,39,19.8799,0.698665,2.29E-04,0.05005516
YZ,85,19.7701,0.695414,2.28E-04,0.049960406
YZ,243,19.7113,0.692574,2.26E-04,0.049830531
YZ,39,19.7081,0.692436,2.26E-04,0.049824646
YZ,2,19.5964,0.700408,2.27E-04,0.050541708
YZ,26,19.4933,0.705364,2.27E-04,0.05103376
YZ,72,16.7885,0.592619,1.80E-04,0.046201554
YZ,77,16.7883,0.592646,1.80E-04,0.046203934
YZ,3,16.6577,0.584832,1.82E-04,0.045773126
YZ,36,16.6681,0.592411,1.83E-04,0.046351845
YZ,207,16.6691,0.586692,1.82E-04,0.045902998
YZ,186,16.6695,0.586767,1.82E-04,0.045908315
YZ,565,16.6708,0.586998,1.82E-04,0.045924598
YZ,348,16.6804,0.588335,1.82E-04,0.046015953
YZ,2,16.6878,0.588651,1.81E-04,0.046030459
YZ,13,16.6901,0.588718,1.81E-04,0.046032526
YZ,309,16.6913,0.588747,1.81E-04,0.046033139
YZ,66,16.6928,0.588185,1.81E-04,0.045987131
YZ,558,16.6927,0.588121,1.81E-04,0.045982264
YZ,165,16.6926,0.588055,1.81E-04,0.045977242
YZ,11,16.6926,0.588055,1.81E-04,0.045977242
YZ,290,16.6924,0.587988,1.81E-04,0.045972279
YZ,62,16.6924,0.587988,1.81E-04,0.045972279
YZ,552,16.6922,0.58792,1.81E-04,0.045967238
YZ,164,16.692,0.587851,1.81E-04,0.045962118
YZ,7,16.692,0.587851,1.81E-04,0.045962118
YZ,57,16.6918,0.58778,1.81E-04,0.045956842
YZ,144,16.6918,0.58778,1.81E-04,0.045956842
YZ,5,16.714,0.593217,1.82E-04,0.046351133
YZ,175,16.7147,0.593256,1.82E-04,0.046353209
YZ,103,16.7299,0.594057,1.82E-04,0.046394704
YZ,262,16.731,0.594106,1.82E-04,0.046397005
YZ,584,16.7316,0.594132,1.82E-04,0.046398204
YZ,12,16.7321,0.594158,1.82E-04,0.046399541
YZ,411,16.7364,0.594134,1.82E-04,0.046391706
YZ,521,16.737,0.594053,1.82E-04,0.04638455
YZ,445,16.7386,0.593092,1.81E-04,0.0463073
YZ,89,16.7386,0.592951,1.81E-04,0.046296291
YZ,106,16.7383,0.592735,1.81E-04,0.046279841
YZ,96,16.7382,0.592661,1.81E-04,0.046274202
YZ,277,16.738,0.592513,1.81E-04,0.046262922
YZ,14,16.7377,0.592362,1.81E-04,0.046251547
YZ,459,16.7363,0.59182,1.81E-04,0.04621116
YZ,595,16.7361,0.591741,1.81E-04,0.046205268
YZ,99,16.7359,0.591661,1.81E-04,0.046199297
YZ,13,16.6514,0.587128,1.83E-04,0.045961519
YZ,91,16.644,0.585655,1.83E-04,0.045856401
YZ,574,16.6437,0.5856,1.83E-04,0.045852508
YZ,58,16.6412,0.585234,1.82E-04,0.045827292
YZ,356,16.6405,0.585154,1.82E-04,0.045821991
YZ,583,16.6402,0.585113,1.82E-04,0.045819193
YZ,194,16.6331,0.584327,1.83E-04,0.045767408
YZ,178,16.6328,0.584292,1.83E-04,0.045765079
YZ,229,16.6324,0.584257,1.83E-04,0.045762888
YZ,12,16.6321,0.584223,1.83E-04,0.045760638
YZ,293,16.6321,0.584223,1.83E-04,0.045760638
YZ,269,16.6314,0.584155,1.83E-04,0.045756274
NMZ,328,7.94185,0.432313,-0.0012933,0.049003197
NMZ,301,7.80001,0.435528,-0.0013403,0.049814464
NMZ,324,7.68933,0.433306,-0.0013645,0.049915729
NMZ,442,7.59551,0.434002,-0.0013936,0.050303734
NMZ,127,7.57524,0.434463,-0.0014007,0.050424495
NMZ,23,7.57079,0.43403,-0.0014005,0.050389043
NMZ,198,7.57022,0.433976,-0.0014005,0.050384671
NMZ,22,7.5939,0.439209,-0.0014108,0.050912656
NMZ,145,7.65555,0.442909,-0.0014053,0.051134412
NMZ,159,7.74202,0.445414,-0.0013877,0.051135638
NMZ,263,7.74336,0.445329,-0.0013871,0.051121456
NMZ,569,7.74451,0.445193,-0.0013865,0.051102049
NMZ,206,7.75486,0.443375,-0.0013782,0.050859394
NMZ,504,7.71181,0.436202,-0.0013671,0.050176048
NMZ,417,7.71057,0.43611,-0.0013673,0.050169499
NMZ,441,7.68497,0.435583,-0.001373,0.050192265
NMZ,422,7.70913,0.441078,-0.0013833,0.05074575
NMZ,122,7.73324,0.442306,-0.0013804,0.050807643
NMZ,10,7.73799,0.442136,-0.0013785,0.050772525
NMZ,412,7.73877,0.442092,-0.0013782,0.050764913
NMZ,180,7.74084,0.441934,-0.0013772,0.050739985
NMZ,176,7.76048,0.441943,-0.0013721,0.05067677
NMZ,101,7.76048,0.441943,-0.0013721,0.05067677
NMZ,399,7.76578,0.442368,-0.0013719,0.050708192
NMZ,245,7.83492,0.444315,-0.0013581,0.050706152
NMZ,113,7.88005,0.44684,-0.0013538,0.050848075
NMZ,68,7.88005,0.44684,-0.0013538,0.050848075
NMZ,37,7.89496,0.447693,-0.0013524,0.050897013
NMZ,533,7.89814,0.447833,-0.001352,0.050902679
NMZ,184,7.92161,0.449035,-0.0013495,0.050963639
NMZ,456,7.96225,0.45085,-0.0013443,0.05103888
NMZ,152,8.1413,0.460066,-0.001326,0.051506284
NMZ,396,8.38027,0.468107,-0.0012944,0.051653897
NMZ,143,8.94323,0.468982,-0.0012,0.050095179
NMZ,518,9.00118,0.468195,-0.0011861,0.049849868
NMZ,181,9.02373,0.467629,-0.001181,0.049727354
NMZ,57,9.06673,0.466904,-0.0011707,0.049532382
NMZ,12,9.22434,0.467484,-0.001144,0.049168398
NMZ,190,9.22846,0.467441,-0.0011429,0.0491529
NMZ,167,9.25666,0.467715,-0.0011389,0.04910674
NMZ,40,9.26063,0.467784,-0.0011383,0.049103456
NMZ,98,9.40491,0.444379,-0.0010608,0.046287441
NMZ,282,9.40609,0.444541,-0.001061,0.04630141
NMZ,20,9.43341,0.4469,-0.0010631,0.046479662
NMZ,62,9.6754,0.457061,-0.0010549,0.046938225
NMZ,527,9.67984,0.456733,-0.0010502,0.046893782
NMZ,35,9.87588,0.454051,-0.0010197,0.0461534
NMZ,320,9.86738,0.439797,-9.89E-04,0.044723759
NMZ,181,10.4313,0.449519,-9.40E-04,0.044459625
NMZ,413,10.2716,0.441135,-9.43E-04,0.043968275
NMZ,12,10.269,0.441066,-9.43E-04,0.043966963
NMZ,198,10.2664,0.440975,-9.44E-04,0.043963458
NMZ,571,10.258,0.44059,-9.44E-04,0.043943055
NMZ,161,10.2491,0.440193,-9.44E-04,0.043922518
NMZ,2,10.2491,0.440193,-9.44E-04,0.043922518
NMZ,236,9.13789,0.429806,-0.0010659,0.045418885
NMZ,45,8.83067,0.433636,-0.001117,0.046613903
NMZ,88,8.80666,0.437449,-0.0011305,0.047087841
NMZ,3,8.8062,0.437913,-0.0011318,0.047139018
NMZ,42,8.81765,0.435086,-0.0011225,0.046804288
NMZ,24,8.81464,0.435423,-0.0011239,0.046848538
NMZ,27,8.81464,0.435423,-0.0011239,0.046848538
NMZ,156,8.80297,0.440912,-0.00114,0.047470551
NMZ,52,8.58753,0.434836,-0.0011628,0.047399998
NMZ,43,8.76322,0.440449,-0.0011495,0.047528131
NMZ,255,15.5403,0.518505,-8.07E-04,0.042015565
NMZ,246,16.2269,0.534115,-8.14E-04,0.042354929
NMZ,4,16.556,0.528546,-7.95E-04,0.041494644
NMZ,227,16.1792,0.521445,-7.96E-04,0.041411117
NMZ,1,18.6604,0.60724,-8.12E-04,0.044904189
NMZ,1,21.4348,0.637379,-7.09E-04,0.043976939
NMZ,3,20.8063,0.663143,-7.68E-04,0.046440483
NMZ,34,20.6438,0.663124,-7.76E-04,0.046621569
NMZ,32,19.2675,0.591908,-7.59E-04,0.043075318
NMZ,155,19.2533,0.591446,-7.59E-04,0.043057566
NMZ,8,18.945,0.5816,-7.62E-04,0.042683896
NMZ,228,18.9333,0.581433,-7.62E-04,0.042684823
NMZ,8,18.9275,0.581371,-7.63E-04,0.04268681
NMZ,67,18.9218,0.581322,-7.63E-04,0.04268964
NMZ,121,18.9218,0.581322,-7.63E-04,0.04268964
NMZ,44,18.9106,0.581211,-7.63E-04,0.042694127
NMZ,178,18.9051,0.58115,-7.64E-04,0.042695855
NMZ,299,18.8996,0.581088,-7.64E-04,0.042697511
NMZ,93,18.8941,0.581025,-7.64E-04,0.042699096
NMZ,205,18.8887,0.580963,-7.64E-04,0.042700642
NMZ,253,18.8834,0.580898,-7.64E-04,0.042701856
NMZ,16,18.8834,0.580898,-7.64E-04,0.042701856
NMZ,56,18.8573,0.580575,-7.65E-04,0.042707637
NMZ,312,18.8472,0.580444,-7.66E-04,0.042709439
NMZ,346,18.8421,0.580384,-7.66E-04,0.042710803
NMZ,192,18.8371,0.580318,-7.66E-04,0.042711614
NMZ,87,18.8322,0.580251,-7.66E-04,0.042712238
NMZ,233,18.8273,0.580185,-7.66E-04,0.042712937
NMZ,447,18.8224,0.580108,-7.67E-04,0.042712827
NMZ,107,18.8175,0.580031,-7.67E-04,0.042712718
NMZ,133,18.8127,0.579968,-7.67E-04,0.042713526
NMZ,406,18.8031,0.579825,-7.67E-04,0.042713895
NMZ,72,18.7984,0.579762,-7.67E-04,0.042714592
NMZ,101,18.7937,0.579695,-7.67E-04,0.042714996
NMZ,59,18.7937,0.579695,-7.67E-04,0.042714996
NMZ,18,18.789,0.579626,-7.68E-04,0.042715253
NMZ,195,18.7843,0.579564,-7.68E-04,0.042716027
NMZ,82,18.7843,0.579564,-7.68E-04,0.042716027
NMZ,67,18.7796,0.579501,-7.68E-04,0.042716728
NMZ,160,18.7566,0.579157,-7.69E-04,0.042717538
NMZ,6,18.7385,0.57888,-7.69E-04,0.042717723
NMZ,220,18.734,0.578813,-7.69E-04,0.042717908
NMZ,183,18.7205,0.578607,-7.70E-04,0.0427181
NMZ,36,18.7008,0.577732,-7.70E-04,0.042675959
NMZ,160,18.68,0.576787,-7.70E-04,0.042629868
NMZ,54,18.6584,0.575823,-7.70E-04,0.042583247
NMZ,221,18.6584,0.575823,-7.70E-04,0.042583247
NMZ,406,18.6474,0.575373,-7.69E-04,0.042562516
NMZ,407,18.5491,0.571305,-7.69E-04,0.042373425
NMZ,129,18.5431,0.571064,-7.69E-04,0.042362402
NMZ,63,18.5371,0.570836,-7.69E-04,0.042352341
NMZ,207,18.5251,0.570349,-7.69E-04,0.042329912
NMZ,7,18.5191,0.570112,-7.69E-04,0.042319176
NMZ,137,18.5008,0.569418,-7.69E-04,0.04228856
NMZ,84,18.4328,0.566869,-7.69E-04,0.042176838
NMZ,166,18.4266,0.566661,-7.69E-04,0.042168454
NMZ,142,18.3956,0.565646,-7.70E-04,0.042128375
NMZ,188,18.3894,0.565403,-7.69E-04,0.042117375
NMZ,52,18.3831,0.565192,-7.70E-04,0.042108871
NMZ,111,18.3395,0.563697,-7.70E-04,0.04204738
NMZ,168,18.3333,0.563491,-7.70E-04,0.042039121
NMZ,80,18.3271,0.563278,-7.70E-04,0.042030337
NMZ,119,18.3209,0.563063,-7.70E-04,0.042021403
NMZ,188,18.3084,0.562626,-7.70E-04,0.042003121
NMZ,54,18.3022,0.562404,-7.70E-04,0.041993659
NMZ,176,18.2959,0.562198,-7.70E-04,0.041985504
NMZ,2,18.2773,0.56154,-7.70E-04,0.041957697
NMZ,52,18.2586,0.560893,-7.70E-04,0.041930809
NMZ,72,18.2461,0.560486,-7.70E-04,0.041914733
NMZ,24,18.2399,0.560262,-7.70E-04,0.041905102
NMZ,273,18.2336,0.560046,-7.70E-04,0.041896182
NMZ,117,18.1961,0.558721,-7.70E-04,0.041840108
NMZ,147,18.1168,0.556619,-7.71E-04,0.041773825
NMZ,257,18.1111,0.556527,-7.71E-04,0.041773493
NMZ,73,18.0836,0.556147,-7.72E-04,0.041776698
NMZ,50,18.0676,0.555934,-7.72E-04,0.041779185
NMZ,303,18.0676,0.555934,-7.72E-04,0.041779185
NMZ,497,18.0624,0.555867,-7.72E-04,0.041780163
NMZ,327,18.0571,0.5558,-7.72E-04,0.041781257
NMZ,262,18.0519,0.555729,-7.73E-04,0.041781936
NMZ,134,18.0468,0.555655,-7.73E-04,0.041782275
NMZ,28,18.0468,0.555655,-7.73E-04,0.041782275
NMZ,381,18.0417,0.555581,-7.73E-04,0.041782615
NMZ,36,18.0365,0.555525,-7.73E-04,0.041784426
NMZ,422,18.0314,0.555458,-7.73E-04,0.041785294
NMZ,517,18.0264,0.555391,-7.73E-04,0.041786048
NMZ,304,18.0213,0.555314,-7.73E-04,0.041786166
NMZ,370,18.0163,0.555237,-7.74E-04,0.041786169
NMZ,107,18.0113,0.555168,-7.74E-04,0.041786775
NMZ,12,18.0064,0.555093,-7.74E-04,0.041786815
NMZ,217,18.0014,0.555015,-7.74E-04,0.041786745
NMZ,125,18.0014,0.555015,-7.74E-04,0.041786745
NMZ,105,17.9965,0.554942,-7.74E-04,0.041786936
NMZ,170,17.9965,0.554942,-7.74E-04,0.041786936
NMZ,272,17.9916,0.554866,-7.74E-04,0.041786903
NMZ,331,17.9868,0.554791,-7.74E-04,0.041786829
NMZ,487,17.9819,0.554714,-7.74E-04,0.041786722
NMZ,16,17.9771,0.554625,-7.75E-04,0.041785595
NMZ,80,17.9771,0.554625,-7.75E-04,0.041785595
NMZ,432,17.9723,0.554608,-7.75E-04,0.041789893
NMZ,133,17.9628,0.554418,-7.75E-04,0.041786622
NMZ,529,17.958,0.554335,-7.75E-04,0.04178595
NMZ,104,17.9533,0.55427,-7.75E-04,0.041786519
NMZ,466,17.9486,0.554195,-7.75E-04,0.041786334
NMZ,344,17.9439,0.554117,-7.75E-04,0.041785925
NMZ,139,17.9392,0.554039,-7.75E-04,0.041785515
NMZ,358,17.9299,0.553874,-7.76E-04,0.041783903
NMZ,230,17.9253,0.553813,-7.76E-04,0.041784662
NMZ,69,17.9253,0.553813,-7.76E-04,0.041784662
NMZ,144,17.9206,0.55376,-7.76E-04,0.041786142
NMZ,171,17.9206,0.55376,-7.76E-04,0.041786142
NMZ,26,17.916,0.553679,-7.76E-04,0.041785393
NMZ,214,17.9114,0.553593,-7.76E-04,0.041784267
NMZ,23,17.8975,0.553316,-7.76E-04,0.041779574
NMZ,13,17.8928,0.553188,-7.76E-04,0.041775394
NMZ,120,17.8928,0.553188,-7.76E-04,0.041775394
NMZ,358,17.8881,0.553063,-7.76E-04,0.041771441
NMZ,42,17.8834,0.552942,-7.76E-04,0.04176779
NMZ,270,17.8834,0.552942,-7.76E-04,0.04176779
NMZ,107,17.8787,0.552826,-7.76E-04,0.041764516
NMZ,180,17.8787,0.552826,-7.76E-04,0.041764516
NMZ,87,17.8739,0.552718,-7.76E-04,0.041761963
NMZ,377,17.8691,0.552589,-7.77E-04,0.041757824
NMZ,238,17.8643,0.552453,-7.77E-04,0.041753155
NMZ,117,17.8596,0.55232,-7.77E-04,0.041748595
NMZ,213,17.8548,0.552185,-7.77E-04,0.041744001
NMZ,109,17.8548,0.552185,-7.77E-04,0.041744001
NMZ,473,17.85,0.552057,-7.77E-04,0.041739935
NMZ,165,17.8452,0.551939,-7.77E-04,0.041736626
NMZ,271,17.8404,0.55182,-7.77E-04,0.04173324
NMZ,139,17.8308,0.551548,-7.77E-04,0.041723897
NMZ,69,17.826,0.551412,-7.77E-04,0.041719224
NMZ,474,17.8212,0.551271,-7.77E-04,0.041714173
NMZ,195,17.8116,0.551015,-7.77E-04,0.041706036
NMZ,311,17.8068,0.550879,-7.77E-04,0.041701362
NMZ,115,17.6876,0.547535,-7.78E-04,0.041587651
NMZ,153,17.6731,0.547147,-7.78E-04,0.041575226
NMZ,99,17.6506,0.546874,-7.78E-04,0.041580959
NMZ,95,17.2848,0.541477,-7.86E-04,0.041603972
NMZ,6,17.2009,0.538041,-7.85E-04,0.041440668
NMZ,142,17.1852,0.537516,-7.85E-04,0.041419139
NMZ,14,17.1815,0.537473,-7.85E-04,0.041420284
NMZ,92,17.1707,0.53738,-7.85E-04,0.041426139
NMZ,516,17.1672,0.537347,-7.85E-04,0.041427818
NMZ,315,17.1603,0.537295,-7.85E-04,0.041432136
NMZ,169,17.157,0.53726,-7.85E-04,0.041433421
NMZ,60,17.1503,0.53719,-7.86E-04,0.041436114
NMZ,128,17.1503,0.53719,-7.86E-04,0.041436114
NMZ,159,17.1375,0.537053,-7.86E-04,0.041441014
NMZ,166,17.1222,0.536902,-7.86E-04,0.041447868
NMZ,117,17.1192,0.536864,-7.86E-04,0.041448566
NMZ,41,17.1162,0.536826,-7.86E-04,0.041449264
NMZ,243,17.1133,0.536785,-7.86E-04,0.04144961
NMZ,325,17.1104,0.536748,-7.86E-04,0.041450265
NMZ,108,17.1075,0.536713,-7.87E-04,0.041451075
NMZ,469,17.1046,0.536676,-7.87E-04,0.041451731
NMZ,496,17.1018,0.536636,-7.87E-04,0.041452035
NMZ,212,17.099,0.536602,-7.87E-04,0.041452802
NMZ,243,17.0962,0.536563,-7.87E-04,0.041453183
NMZ,148,17.0907,0.536486,-7.87E-04,0.041453903
NMZ,37,17.0907,0.536486,-7.87E-04,0.041453903
NMZ,258,17.088,0.536443,-7.87E-04,0.041453855
NMZ,26,17.0853,0.536404,-7.87E-04,0.041454117
NMZ,235,17.0826,0.536368,-7.87E-04,0.04145461
NMZ,107,17.0773,0.536292,-7.87E-04,0.041455168
NMZ,305,17.0747,0.536254,-7.87E-04,0.041455386
NMZ,119,17.0641,0.536126,-7.87E-04,0.041458362
NMZ,18,17.0615,0.536083,-7.87E-04,0.041458195
NMZ,115,17.0615,0.536083,-7.87E-04,0.041458195
NMZ,280,17.059,0.536038,-7.88E-04,0.041457753
NMZ,127,17.0539,0.53596,-7.88E-04,0.041457918
NMZ,103,17.0514,0.535919,-7.88E-04,0.041457785
NMZ,297,17.0514,0.535919,-7.88E-04,0.041457785
NMZ,375,17.0353,0.535984,-7.88E-04,0.041482402
NMZ,54,17.0332,0.536016,-7.88E-04,0.041487436
NMZ,72,17.0232,0.536223,-7.89E-04,0.041515646
NMZ,382,17.0091,0.536468,-7.90E-04,0.041551826
NMZ,95,17.0075,0.536499,-7.90E-04,0.041556182
NMZ,129,17.0059,0.536528,-7.90E-04,0.041560383
NMZ,191,17.0044,0.536546,-7.90E-04,0.041563611
NMZ,140,17.0028,0.536596,-7.90E-04,0.04156944
NMZ,311,16.9983,0.536688,-7.91E-04,0.04158207
NMZ,204,16.9969,0.536691,-7.91E-04,0.041584015
NMZ,8,16.9969,0.536691,-7.91E-04,0.041584015
NMZ,204,16.9954,0.536726,-7.91E-04,0.041588562
NMZ,121,16.994,0.536757,-7.91E-04,0.041592677
NMZ,42,16.994,0.536757,-7.91E-04,0.041592677
NMZ,134,16.9711,0.537234,-7.93E-04,0.041657716
NMZ,175,16.9697,0.537116,-7.93E-04,0.041650284
NMZ,273,16.9649,0.536696,-7.92E-04,0.041623603
NMZ,275,16.9632,0.536553,-7.92E-04,0.041614597
NMZ,26,16.9614,0.536402,-7.92E-04,0.041605094
NMZ,393,16.9595,0.53625,-7.92E-04,0.041595634
NMZ,225,16.9575,0.53611,-7.92E-04,0.041587226
NMZ,134,16.9555,0.535952,-7.91E-04,0.041577422
NMZ,300,16.933,0.534383,-7.90E-04,0.041483237
NMZ,108,16.9305,0.534231,-7.90E-04,0.0414745
NMZ,382,16.9281,0.534075,-7.90E-04,0.041465328
NMZ,331,16.9256,0.533919,-7.90E-04,0.041456277
NMZ,298,16.923,0.533764,-7.89E-04,0.041447426
NMZ,169,16.9178,0.533467,-7.89E-04,0.041430729
NMZ,84,16.9152,0.533317,-7.89E-04,0.041422263
NMZ,41,16.9152,0.533317,-7.89E-04,0.041422263
NMZ,217,16.9125,0.533164,-7.89E-04,0.041413685
NMZ,59,16.9098,0.533008,-7.89E-04,0.041404873
NMZ,437,16.9071,0.532852,-7.89E-04,0.041396059
NMZ,189,16.9044,0.532698,-7.89E-04,0.0413874
NMZ,83,16.8961,0.53224,-7.88E-04,0.041361972
NMZ,100,16.8932,0.532092,-7.88E-04,0.04135402
NMZ,185,16.8874,0.531827,-7.88E-04,0.041340521
NMZ,196,16.8845,0.531679,-7.88E-04,0.041332566
NMZ,21,16.8815,0.531521,-7.88E-04,0.041323954
NMZ,99,16.8786,0.531371,-7.87E-04,0.041315841
NMZ,66,16.8756,0.531216,-7.87E-04,0.041307461
NMZ,74,16.8756,0.531216,-7.87E-04,0.041307461
NMZ,166,16.8726,0.531065,-7.87E-04,0.04129939
NMZ,308,16.8665,0.530765,-7.87E-04,0.041283523
NMZ,12,16.8604,0.530462,-7.87E-04,0.041267419
NMZ,41,16.8604,0.530462,-7.87E-04,0.041267419
NMZ,58,16.8573,0.53029,-7.87E-04,0.041257831
NMZ,97,16.8543,0.530139,-7.87E-04,0.041249753
NMZ,119,16.8512,0.529991,-7.86E-04,0.041242031
NMZ,153,16.8476,0.529616,-7.86E-04,0.041217252
NMZ,57,16.8476,0.529616,-7.86E-04,0.041217252
NMZ,492,16.8437,0.529221,-7.86E-04,0.04119128
NMZ,108,16.8397,0.528804,-7.85E-04,0.041163711
NMZ,84,16.8355,0.528382,-7.85E-04,0.041135991
NMZ,235,16.8312,0.527973,-7.84E-04,0.0411094
NMZ,80,16.8267,0.527559,-7.84E-04,0.041082657
NMZ,7,16.8221,0.527127,-7.83E-04,0.041054628
NMZ,80,16.8125,0.52627,-7.82E-04,0.040999582
NMZ,189,16.8075,0.525846,-7.82E-04,0.040972643
NMZ,84,16.8025,0.525357,-7.81E-04,0.040940631
NMZ,382,16.7974,0.524941,-7.81E-04,0.040914422
NMZ,130,16.7921,0.524546,-7.80E-04,0.040890087
NMZ,146,16.7867,0.524156,-7.80E-04,0.040866257
NMZ,12,16.7867,0.524156,-7.80E-04,0.040866257
NMZ,273,16.7756,0.52331,-7.79E-04,0.040813794
NMZ,47,16.7756,0.52331,-7.79E-04,0.040813794
NMZ,123,16.7641,0.522513,-7.78E-04,0.04076561
NMZ,233,16.7461,0.521246,-7.77E-04,0.04068861
NMZ,136,16.7208,0.519704,-7.76E-04,0.040598921
NMZ,71,16.7142,0.519297,-7.75E-04,0.040575135
NMZ,114,16.7142,0.519297,-7.75E-04,0.040575135
NMZ,178,16.7076,0.518896,-7.75E-04,0.040551811
NMZ,62,16.7006,0.518627,-7.75E-04,0.040539282
NMZ,176,16.6937,0.518212,-7.74E-04,0.040515213
NMZ,39,16.6866,0.517763,-7.74E-04,0.04048872
NMZ,113,16.6796,0.517315,-7.74E-04,0.040462174
NMZ,19,16.6796,0.517315,-7.74E-04,0.040462174
NMZ,69,16.6654,0.516476,-7.73E-04,0.040413758
NMZ,217,16.6582,0.516068,-7.72E-04,0.040390558
NMZ,80,16.651,0.515671,-7.72E-04,0.040368212
NMZ,435,16.629,0.514454,-7.71E-04,0.040299573
NMZ,39,16.6065,0.513218,-7.70E-04,0.040229977
NMZ,364,16.5913,0.512394,-7.69E-04,0.04018378
NMZ,216,16.5837,0.512,-7.69E-04,0.040162081
NMZ,20,16.5837,0.512,-7.69E-04,0.040162081
NMZ,62,16.5605,0.510782,-7.68E-04,0.040094594
NMZ,461,16.5527,0.510383,-7.67E-04,0.040072712
NMZ,11,16.5451,0.510132,-7.67E-04,0.040062203
NMZ,54,16.5085,0.509001,-7.67E-04,0.040017669
NMZ,111,16.5085,0.509001,-7.67E-04,0.040017669
NMZ,149,16.5013,0.508787,-7.67E-04,0.04000957
NMZ,96,16.4941,0.508579,-7.67E-04,0.040001942
NMZ,187,16.4941,0.508579,-7.67E-04,0.040001942
NMZ,17,16.4869,0.508358,-7.66E-04,0.039993289
NMZ,165,16.4869,0.508358,-7.66E-04,0.039993289
NMZ,61,16.4655,0.507731,-7.66E-04,0.039969911
NMZ,200,16.4655,0.507731,-7.66E-04,0.039969911
NMZ,352,16.4584,0.507535,-7.66E-04,0.039963098
NMZ,420,16.4443,0.507115,-7.66E-04,0.039947143
NMZ,165,16.4372,0.506894,-7.66E-04,0.039938357
NMZ,76,16.4232,0.506491,-7.66E-04,0.03992361
NMZ,23,16.4092,0.506061,-7.65E-04,0.039906729
NMZ,165,16.4092,0.506061,-7.65E-04,0.039906729
NMZ,32,16.4022,0.505848,-7.65E-04,0.039898443
NMZ,172,16.3952,0.505647,-7.65E-04,0.039891102
NMZ,160,16.3883,0.505438,-7.65E-04,0.039883007
NMZ,211,16.3813,0.505216,-7.65E-04,0.039874007
NMZ,124,16.3744,0.505002,-7.65E-04,0.039865514
NMZ,456,16.3674,0.504812,-7.65E-04,0.039859035
NMZ,120,16.3605,0.50462,-7.65E-04,0.039852277
NMZ,374,16.3465,0.504187,-7.65E-04,0.039835128
NMZ,195,16.3395,0.50401,-7.64E-04,0.039829672
NMZ,24,16.3255,0.503565,-7.64E-04,0.039811565
NMZ,14,16.3186,0.503339,-7.64E-04,0.03980211
NMZ,138,16.3117,0.503126,-7.64E-04,0.039793681
NMZ,144,16.2561,0.501419,-7.63E-04,0.039726433
NMZ,137,16.2215,0.500356,-7.62E-04,0.039684469
NMZ,118,16.2146,0.500115,-7.62E-04,0.039673793
NMZ,134,16.2007,0.499675,-7.62E-04,0.039655889
NMZ,239,15.8558,0.487049,-7.51E-04,0.039071991
NMZ,59,15.7642,0.483822,-7.49E-04,0.038925716
NMZ,255,15.5227,0.475947,-7.41E-04,0.038588858
NMZ,446,15.3767,0.472438,-7.38E-04,0.038485773
NMZ,22,15.2204,0.468836,-7.34E-04,0.038387947
NMZ,96,15.1673,0.469056,-7.36E-04,0.03847313
NMZ,154,15.1348,0.469262,-7.36E-04,0.038531331
NMZ,122,15.1142,0.469376,-7.37E-04,0.038566947
NMZ,112,15.1041,0.469499,-7.37E-04,0.038589949
NMZ,106,15.0648,0.467894,-7.48E-04,0.038508159
NMZ,412,14.9752,0.468502,-7.50E-04,0.038673377
NMZ,4,7.46561,0.428444,-0.0014104,0.050089694
NMZ,474,7.49369,0.434633,-0.0014236,0.050717962
NMZ,539,7.71419,0.437824,-0.0013716,0.050354856
NMZ,499,7.71386,0.437793,-0.0013716,0.050352368
NMZ,526,7.71182,0.437213,-0.0013704,0.05029231
NMZ,582,7.24557,0.423394,-0.0014492,0.050245293
NMZ,17,7.23611,0.423265,-0.0014511,0.050262807
NMZ,13,7.22623,0.423192,-0.0014531,0.050288481
NMZ,242,7.2238,0.423171,-0.0014537,0.050294443
NMZ,556,7.21078,0.423036,-0.0014542,0.05032377
NMZ,302,7.18186,0.421121,-0.0014546,0.050196726
NMZ,595,7.18104,0.42107,-0.0014547,0.050193513
NMZ,8,7.18104,0.42107,-0.0014547,0.050193513
NMZ,584,7.17179,0.420849,-0.0014557,0.05019951
NMZ,499,7.17116,0.42084,-0.0014558,0.050200642
NMZ,227,7.1529,0.421158,-0.0014614,0.050302659
NMZ,554,7.15256,0.421551,-0.0014628,0.050350795
NMZ,44,7.12884,0.419772,-0.0014621,0.050221652
NMZ,436,7.12113,0.415638,-0.0014398,0.049753971
NMZ,6,7.18242,0.423805,-0.0014637,0.050514684
NMZ,17,7.18222,0.423763,-0.0014637,0.050510381
NMZ,4,7.16844,0.422242,-0.0014614,0.050377437
NMZ,19,7.16212,0.421649,-0.0014608,0.050328877
NMZ,48,7.16165,0.421607,-0.0014609,0.050325515
NMZ,50,7.15595,0.421131,-0.0014605,0.050288713
NMZ,12,7.15205,0.42096,-0.0014608,0.050281997
NMZ,263,7.15176,0.420946,-0.0014609,0.050281345
NMZ,557,7.15147,0.420933,-0.0014609,0.050280811
NMZ,130,7.14587,0.420726,-0.0014614,0.050275773
NMZ,5,7.14555,0.420711,-0.0014616,0.050275106
NMZ,319,7.15479,0.422197,-0.0014644,0.050420095
NMZ,133,7.15526,0.422241,-0.0014644,0.050423693
NMZ,441,7.16768,0.422732,-0.0014632,0.050438572
NMZ,193,7.17082,0.422702,-0.0014625,0.050423949
NMZ,518,7.16157,0.42104,-0.0014588,0.050258115
NMZ,318,7.15114,0.42133,-0.0014623,0.050329394
NMZ,8,7.15681,0.422156,-0.0014638,0.050408083
NMZ,158,7.15927,0.422615,-0.0014649,0.05045422
NMZ,564,7.15967,0.422673,-0.001465,0.050459735
NMZ,572,7.16009,0.422732,-0.001465,0.050465298
NMZ,144,7.16053,0.422791,-0.0014652,0.050470791
NMZ,275,7.16053,0.422791,-0.0014652,0.050470791
NMZ,154,7.16053,0.422791,-0.0014652,0.050470791
NMZ,471,7.16099,0.422852,-0.0014653,0.050476452
NMZ,150,7.16147,0.422914,-0.0014654,0.050482161
NMZ,72,7.17123,0.423929,-0.0014665,0.050568872
NMZ,141,7.17195,0.423993,-0.0014667,0.050573967
NMZ,573,7.17492,0.42424,-0.0014668,0.050592955
NMZ,573,7.1757,0.424307,-0.0014669,0.050598195
NMZ,94,7.17647,0.42436,-0.0014669,0.0506018
NMZ,544,7.20577,0.425296,-0.0014634,0.050610201
NMZ,68,7.20877,0.42534,-0.0014627,0.050604904
NMZ,20,7.20877,0.42534,-0.0014627,0.050604904
NMZ,511,7.20918,0.425347,-0.0014627,0.050604298
NMZ,581,7.20959,0.425353,-0.0014625,0.050603573
NMZ,593,7.21074,0.425344,-0.0014623,0.050598467
NMZ,596,7.21105,0.425323,-0.0014621,0.050594881
NMZ,586,7.21221,0.425131,-0.0014611,0.050567974
NMZ,52,7.21246,0.425007,-0.0014607,0.050552349
NMZ,300,7.21246,0.425007,-0.0014607,0.050552349
NMZ,179,7.21189,0.424447,-0.0014589,0.050487735
NMZ,137,7.20482,0.423076,-0.0014558,0.05034934
NMZ,135,7.20482,0.423076,-0.0014558,0.05034934
NMZ,553,7.20439,0.423009,-0.0014557,0.050342869
NMZ,100,7.19976,0.422371,-0.0014547,0.0502831
NMZ,426,7.19916,0.4223,-0.0014545,0.050276742
NMZ,570,7.19012,0.421382,-0.0014536,0.050198978
NMZ,240,7.18934,0.421312,-0.0014535,0.050193361
NMZ,87,7.17548,0.420422,-0.0014535,0.050135681
NMZ,48,7.14721,0.420886,-0.0014618,0.050290178
NMZ,2,7.1465,0.420988,-0.0014621,0.050304864
NMZ,100,7.14597,0.421071,-0.0014627,0.050316648
NMZ,243,7.14548,0.421151,-0.001463,0.050327933
NMZ,2,7.14536,0.421171,-0.0014632,0.050330746
NMZ,324,7.14513,0.421211,-0.0014634,0.050336336
NMZ,462,7.14502,0.421231,-0.0014635,0.050339113
NMZ,467,7.14491,0.421251,-0.0014634,0.050341891
NMZ,221,7.14248,0.421684,-0.0014656,0.050402209
NMZ,52,7.14248,0.421684,-0.0014656,0.050402209
NMZ,6,7.14129,0.421813,-0.0014664,0.050421828
NMZ,579,7.14019,0.421987,-0.0014673,0.050446513
NMZ,11,7.14125,0.422454,-0.0014686,0.050498592
NMZ,597,7.14199,0.422604,-0.001469,0.050513905
NMZ,10,7.13836,0.422106,-0.0014682,0.050467206
NMZ,132,7.13595,0.421844,-0.0014677,0.050444398
NMZ,2,7.13388,0.421637,-0.0014675,0.050426959
NMZ,432,7.11679,0.414992,-0.001439,0.049691787
NMZ,416,7.11561,0.414999,-0.0014393,0.049696745
NMZ,140,7.11497,0.415011,-0.0014395,0.049700417
NMZ,206,7.11477,0.415015,-0.0014395,0.049701595
NMZ,365,7.11062,0.41563,-0.0014429,0.049789769
NMZ,6,7.11064,0.415619,-0.001443,0.049788382
NMZ,4,7.11064,0.415619,-0.001443,0.049788382
LS,146,10.4017,0.617889,1.19E-04,0.061199132
LS,77,10.2166,0.616257,9.66E-05,0.061587934
LS,100,10.2426,0.627389,1.02E-04,0.062620821
LS,15,10.3152,0.61754,1.08E-04,0.061420483
LS,461,10.3585,0.629851,1.16E-04,0.062513865
LS,260,10.3614,0.626618,1.16E-04,0.06218428
LS,27,10.3608,0.626306,1.15E-04,0.062155117
LS,201,10.3802,0.631069,1.18E-04,0.06256925
LS,425,10.4044,0.634122,1.22E-04,0.062798788
LS,252,10.4889,0.641999,1.34E-04,0.06332225
LS,25,10.4946,0.642809,1.35E-04,0.063384923
LS,15,10.5921,0.653065,1.50E-04,0.06409916
LS,75,10.6001,0.653715,1.51E-04,0.064138741
LS,225,10.6041,0.654055,1.51E-04,0.064159996
LS,141,10.6041,0.654055,1.51E-04,0.064159996
LS,235,10.6165,0.655329,1.53E-04,0.064247416
LS,123,10.6534,0.660893,1.59E-04,0.064680594
LS,510,10.6646,0.662318,1.61E-04,0.06478601
LS,301,10.6831,0.664735,1.63E-04,0.06496611
LS,12,11.5383,0.703031,2.73E-04,0.066113557
LS,521,11.6337,0.703572,2.77E-04,0.06589259
LS,160,11.6371,0.703779,2.78E-04,0.065902347
LS,203,11.6371,0.703779,2.78E-04,0.065902347
LS,76,11.7766,0.712421,2.92E-04,0.066315296
LS,3,11.8612,0.718413,2.96E-04,0.066634145
LS,87,11.8764,0.71871,2.97E-04,0.06661902
LS,302,11.9371,0.720168,3.00E-04,0.066584228
LS,17,12.0479,0.714296,3.04E-04,0.065736943
LS,119,12.0502,0.713583,3.03E-04,0.065665058
LS,38,12.052,0.712787,3.03E-04,0.06558691
LS,82,12.0522,0.712677,3.03E-04,0.065576244
LS,17,12.0532,0.711303,3.03E-04,0.065447102
LS,177,12.0507,0.709282,3.02E-04,0.065267919
LS,150,12.0214,0.704016,2.98E-04,0.064862244
LS,81,12.0781,0.718387,3.06E-04,0.066030733
LS,2,12.3514,0.739276,3.11E-04,0.067194771
LS,33,12.5452,0.741672,2.99E-04,0.066889824
LS,139,12.5537,0.741743,2.99E-04,0.066873576
LS,15,12.5618,0.741577,2.99E-04,0.066837051
LS,123,13.014,0.773184,3.15E-04,0.068464339
LS,119,13.3321,0.78181,2.95E-04,0.068397291
LS,57,13.1773,0.732719,3.00E-04,0.064477947
LS,3,12.9479,0.717461,2.94E-04,0.063692104
LS,452,11.9079,0.68442,2.86E-04,0.063356629
LS,571,11.9291,0.689598,2.89E-04,0.063779207
LS,121,11.9638,0.695008,2.92E-04,0.064186278
LS,77,11.9656,0.695231,2.93E-04,0.064202043
LS,2,11.9731,0.696107,2.93E-04,0.064262802
LS,61,11.975,0.696324,2.93E-04,0.064277735
LS,2,11.9769,0.696542,2.94E-04,0.064292758
LS,35,12.0399,0.706375,3.00E-04,0.065029564
LS,9,12.1745,0.721027,3.12E-04,0.066010485
LS,189,12.2544,0.724059,3.16E-04,0.06607161
LS,141,12.2893,0.725729,3.10E-04,0.0661299
LS,469,12.296,0.695321,2.98E-04,0.063341797
LS,334,12.2955,0.695238,2.98E-04,0.063335524
LS,8,12.288,0.699099,2.99E-04,0.06370669
LS,133,12.5133,0.726977,2.93E-04,0.065648031
LS,287,12.8914,0.73051,2.98E-04,0.064992476
LS,171,12.8934,0.730026,2.98E-04,0.064944378
LS,49,12.8939,0.729915,2.98E-04,0.064933244
LS,116,12.8943,0.729799,2.98E-04,0.064921918
LS,125,12.8947,0.729684,2.98E-04,0.064910681
LS,71,12.8951,0.72957,2.98E-04,0.064899533
LS,237,12.8953,0.728535,2.98E-04,0.064806961
LS,502,12.8951,0.72818,2.98E-04,0.064775884
LS,560,12.8949,0.727816,2.97E-04,0.064744007
LS,10,12.8946,0.727454,2.97E-04,0.064712557
LS,158,12.5536,0.689243,2.80E-04,0.062140563
LS,2,22.8699,1.09152,1.94E-04,0.072909904
LS,291,22.7114,1.07888,1.92E-04,0.072316625
LS,222,22.685,1.0765,1.92E-04,0.07219907
LS,28,22.6909,1.08824,1.94E-04,0.072976963
LS,1,22.8537,1.14464,2.02E-04,0.076485237
LS,1,23.0537,1.1842,2.08E-04,0.078784666
LS,143,12.2907,0.680681,2.92E-04,0.062021502
LS,6,12.1042,0.692444,2.98E-04,0.063577519
LS,16,11.977,0.688937,2.91E-04,0.06359053
LS,97,10.2139,0.613048,9.58E-05,0.061275328
LS,6,10.213,0.612975,9.58E-05,0.061270731
LS,46,10.1864,0.610753,9.22E-05,0.061128285
LS,58,10.1835,0.610513,9.17E-05,0.061112964
LS,61,10.0883,0.605918,7.86E-05,0.060938509
LS,348,10.0802,0.606898,7.76E-05,0.061061588
LS,9,10.0926,0.612514,8.00E-05,0.061588759
LS,32,10.0989,0.613636,8.11E-05,0.061682328
LS,48,10.1371,0.61791,8.65E-05,0.061994808
LS,122,10.1519,0.619987,8.87E-05,0.062157835
LS,139,10.1853,0.623422,9.37E-05,0.062399653
LS,28,10.1955,0.624293,9.52E-05,0.062455568
LS,74,10.1973,0.624437,9.55E-05,0.06246446
LS,34,10.2242,0.626572,9.91E-05,0.062595524
LS,107,10.3261,0.621895,1.10E-04,0.061820977
LS,94,10.3232,0.621961,1.10E-04,0.061836222
LS,73,10.3236,0.621911,1.10E-04,0.061830053
LS,29,10.3248,0.621817,1.10E-04,0.061817115
LS,539,10.3263,0.621705,1.10E-04,0.061801491
LS,136,10.3302,0.621277,1.11E-04,0.061747286
LS,52,10.3298,0.620379,1.11E-04,0.06165923
LS,114,10.3288,0.619734,1.10E-04,0.061598105
LS,214,10.3281,0.61942,1.10E-04,0.061568981
LS,597,10.3278,0.619317,1.10E-04,0.061559638
LS,582,10.3276,0.619215,1.10E-04,0.061550095
LS,590,10.3273,0.619112,1.10E-04,0.06154075
LS,583,10.327,0.619011,1.10E-04,0.061531605
LS,287,10.3267,0.61891,1.10E-04,0.061522458
LS,589,10.3264,0.61881,1.10E-04,0.061513412
LS,7,10.323,0.61793,1.09E-04,0.061436049
LS,62,10.2639,0.609042,1.02E-04,0.060726465
LS,86,10.2428,0.60662,9.87E-05,0.060547239
LS,186,10.2052,0.603113,9.33E-05,0.060307995
LS,89,10.1872,0.601672,9.11E-05,0.060217032
LS,167,10.1805,0.601161,9.01E-05,0.060185685
LS,329,10.1788,0.601035,8.98E-05,0.060178095
LS,143,10.1284,0.597877,8.30E-05,0.060010658
LS,83,10.1062,0.597348,8.01E-05,0.060023378
LS,202,10.0854,0.596785,7.72E-05,0.060028611
LS,23,10.0646,0.597762,7.41E-05,0.060188983
LS,171,10.0608,0.603933,7.44E-05,0.060821828
LS,75,10.0608,0.604388,7.44E-05,0.06086765
LS,82,10.061,0.60517,7.45E-05,0.060945799
LS,167,10.0614,0.605592,7.47E-05,0.060987086
LS,78,10.0624,0.606233,7.49E-05,0.061048605
LS,132,10.0628,0.606412,7.48E-05,0.061065417
LS,24,10.0634,0.606679,7.50E-05,0.061090483
LS,76,10.0637,0.606811,7.50E-05,0.061102864
LS,39,10.0638,0.606855,7.50E-05,0.061106991
LS,201,10.0659,0.607705,7.54E-05,0.061186198
LS,100,10.0668,0.608521,7.57E-05,0.061265617
LS,26,10.0669,0.608743,7.57E-05,0.061287664
LS,33,10.067,0.608775,7.56E-05,0.061290581
LS,233,10.0671,0.608816,7.58E-05,0.061294404
LS,87,10.0672,0.608857,7.58E-05,0.061298228
LS,215,10.0673,0.608867,7.58E-05,0.06129893
LS,123,10.0673,0.608795,7.58E-05,0.061291681
LS,67,10.0658,0.608381,7.54E-05,0.061254564
LS,344,10.0339,0.603735,7.04E-05,0.060883335
LS,59,10.029,0.603296,6.98E-05,0.060853925
LS,24,10.0272,0.603127,6.95E-05,0.060842338
LS,162,10.0048,0.601323,6.63E-05,0.060728223
LS,43,10.0007,0.601011,6.56E-05,0.060709154
LS,59,9.98951,0.600095,6.39E-05,0.060650569
LS,78,9.9561,0.599126,5.87E-05,0.060654148
LS,148,9.94632,0.598316,5.73E-05,0.060601917
LS,24,9.94131,0.597892,5.65E-05,0.060574229
LS,2,9.93601,0.597479,5.58E-05,0.060548529
LS,40,9.93174,0.597163,5.51E-05,0.060529513
LS,20,9.9305,0.597074,5.51E-05,0.060524271
LS,6,9.92862,0.596939,5.48E-05,0.060516315
LS,144,9.92799,0.596894,5.46E-05,0.060513672
LS,30,9.92185,0.596539,5.37E-05,0.060496392
LS,31,9.91579,0.596198,5.29E-05,0.060480283
LS,40,9.91159,0.595957,5.22E-05,0.060468643
LS,110,9.91039,0.595888,5.21E-05,0.060465302
LS,258,9.90919,0.59582,5.19E-05,0.060462063
LS,20,9.90739,0.595717,5.16E-05,0.060457102
LS,378,9.90256,0.595442,5.09E-05,0.060443929
LS,32,9.88907,0.597264,4.92E-05,0.060670221
LS,104,9.88907,0.597264,4.92E-05,0.060670221
LS,37,9.87526,0.596547,4.72E-05,0.060639744
LS,27,9.87505,0.596544,4.72E-05,0.060640084
LS,114,9.87045,0.596462,4.63E-05,0.060645875
LS,54,9.87045,0.596462,4.63E-05,0.060645875
LS,107,9.86932,0.596432,4.63E-05,0.060646296
LS,155,9.85994,0.595916,4.48E-05,0.060622644
LS,322,9.81117,0.59183,3.74E-05,0.060356429
LS,480,9.81056,0.591852,3.74E-05,0.060360549
LS,562,9.81027,0.591863,3.74E-05,0.060362563
LS,71,9.80999,0.591874,3.73E-05,0.060364547
LS,30,9.80971,0.591885,3.72E-05,0.06036653
LS,280,9.80492,0.592368,3.67E-05,0.060430547
LS,156,9.80486,0.592406,3.66E-05,0.060434608
LS,538,9.78177,0.586468,3.63E-05,0.059899412
LS,10,9.78082,0.585638,3.69E-05,0.059817544
LS,150,9.7725,0.583451,3.76E-05,0.059619525
LS,36,9.80579,0.599533,3.71E-05,0.061158773
LS,11,9.84006,0.598344,4.21E-05,0.060931102
LS,91,9.83163,0.595611,4.08E-05,0.06067879
LS,5,9.81712,0.595665,3.86E-05,0.060729121
LS,557,9.8174,0.595656,3.86E-05,0.060727337
LS,534,9.81767,0.595647,3.87E-05,0.060725585
LS,419,9.81793,0.595638,3.87E-05,0.060723863
LS,444,9.81818,0.595629,3.88E-05,0.060722173
LS,328,9.81842,0.595621,3.88E-05,0.060720615
LS,522,9.81866,0.595612,3.88E-05,0.060718955
LS,473,9.81954,0.59558,3.90E-05,0.060712972
LS,68,9.81975,0.595572,3.88E-05,0.060711508
LS,109,9.8232,0.595437,3.95E-05,0.060687086
LS,61,9.82282,0.594451,3.94E-05,0.060587765
LS,5,9.8063,0.594002,3.69E-05,0.060592976
LS,406,9.81015,0.594233,3.74E-05,0.060604644
